date;DNI;DryBulb;Pressure;Wspd;SF.a.mf;SF.x.mf;error mf;SF.a.tin;SF.a.tout;SF.x.tout;SF.b.tout;SF.a.pwr;SF.b.pwr;SF.x.pwr;SF.a.pwr(2);SF.b.wpwr;VERTIDO;Cycle thermal energy dumped - solar field | (MWt);NetPower;AuxPower;GrossPower;elevation;zenith;azimuth;aoi;IAM;pr_shadows;pr_borders;pr_opt_peak;solar_fraction;SF.x.prth;SF.b.prth;SF.a.prth;SF.x.prop;SF.x.qabs;SF.x.qlst;SF.b.qlst;SF.x.qlbk;SF.b.qlbk;SF.a.globalpr;SF.b.globalpr
22/08/2007 0:00;0,00;292,25;99300,00;1,70;204,00;204,00;0,00;519,08;517,01;504,23;504,23;-0,921671491;-6,554149309;-6,55359026;0;0;-6,6;0,0;-0,37;-0,37;0,00;-38,82;128,82;4,48;50,96;0,85;0,000;0,981;0,799;0,922;0,0000;0,0000;0;0,428;0,00;449980,94;450018,714;9048,54;9048,919031;0;
22/08/2007 1:00;0,00;290,95;99300,00;1,40;204,00;204,00;0,00;510,29;508,40;496,42;496,42;-0,831392351;-6,058955876;-6,056821465;0;0;-6,1;0,0;-0,37;-0,37;0,00;-36,09;126,09;22,67;48,21;0,88;0,000;0,983;0,799;0,922;0,0000;0,0000;0;0,467;0,00;415676,19;415820,3556;8746,01;8747,528703;0;
22/08/2007 2:00;0,00;290,25;99300,00;2,60;204,00;204,00;0,00;502,13;500,38;489,09;489,09;-0,764422747;-5,639753144;-5,637939977;0;0;-5,6;0,0;-0,37;-0,37;0,00;-30,14;120,14;38,72;42,43;0,92;0,000;0,986;0,799;0,922;0,0000;0,0000;0;0,542;0,00;386635,58;386758,0036;8442,97;8444,334733;0;
22/08/2007 3:00;0,00;289,55;99300,00;1,40;204,00;204,00;0,00;494,66;493,06;482,41;482,41;-0,690632436;-5,247510534;-5,246010012;0;0;-5,2;0,0;-0,37;-0,37;0,00;-21,84;111,84;52,22;34,66;0,96;0,000;0,989;0,799;0,922;0,0000;0,0000;0;0,630;0,00;359441,26;359542,541;8168,89;8170,080185;0;
22/08/2007 4:00;0,00;289,05;99300,00;0,50;204,00;204,00;0,00;487,83;486,36;476,27;476,27;-0,625458207;-4,908122773;-4,906864547;0;0;-4,9;0,0;-0,37;-0,37;0,00;-11,99;101,99;63,61;25,78;0,99;0,000;0,993;0,799;0,922;0,0000;0,0000;0;0,709;0,00;335846,85;335931,7519;7911,26;7912,306173;0;
22/08/2007 5:00;0,00;288,95;99300,00;0,40;204,00;204,00;0,00;481,47;480,12;470,52;470,52;-0,574835535;-4,612259886;-4,61117864;0;0;-4,6;0,0;-0,37;-0,37;0,00;-1,17;91,17;73,60;16,40;1,00;0,000;0,995;0,799;0,922;0,0000;0,0000;0;0,767;0,00;315217,50;315290,4464;7655,27;7656,214488;0;
22/08/2007 6:00;203,00;290,05;99300,00;0,60;204,00;204,00;0,00;498,82;511,09;548,46;548,46;5,369576309;22,24734551;22,24734551;0;0;22,2;0,0;-0,37;-0,37;0,00;10,21;79,79;82,92;6,97;1,00;0,499;0,998;0,799;0,922;0,7412;0,7412;26,56529191;0,793;2021275,10;520361,36;520361,3565;9775,55;9775,548064;0;
22/08/2007 7:00;306,00;291,45;99300,00;0,40;204,00;292,02;-43,15;566,48;666,75;668,23;700,02;50,36340684;68,59013914;73,22532487;0;15,01018109;68,6;0,0;-0,37;-0,37;0,00;21,82;68,18;92,28;2,12;1,00;1,000;0,999;0,799;0,922;0,8027;0,7650;81,88094378;0,798;6150809,27;1180838,13;1385422,901;13909,52;14770,97095;0;
22/08/2007 8:00;526,00;293,25;99300,00;0,40;557,33;554,00;0,60;566,48;666,75;666,36;665,85;137,5923337;136,2754659;136,2090931;122,279;0;14,0;0,0;47,75;-2,90;50,65;33,35;56,65;102,58;10,48;1,00;1,000;0,997;0,799;0,922;0,8843;0,8846;132,5588449;0,786;10379717,31;1169454,82;1166637,828;13786,82;13774,04633;0,368134609;0,371691997
22/08/2007 9:00;556,00;294,95;99300,00;0,60;567,89;566,94;0,17;566,48;666,75;666,39;666,25;140,2001213;139,4473518;139,4285092;133,082;0;6,4;5,6;52,44;-2,97;55,41;44,35;45,65;115,13;17,67;1,00;1,000;0,995;0,799;0,922;0,8867;0,8868;132,3126367;0,760;10596124,82;1168742,53;1167949,991;13713,93;13710,33942;0,395216491;0,397349962
22/08/2007 10:00;738,00;296,65;99300,00;1,10;737,78;737,78;0,00;566,48;666,75;666,45;666,45;182,1437047;181,5677274;181,5677274;133,082;0;48,5;47,1;52,23;-3,18;55,41;54,06;35,94;132,13;23,19;0,99;1,000;0,993;0,799;0,922;0,9105;0,9105;135,5380718;0,728;13438563,96;1171204,52;1171204,519;13652,35;13652,34801;0,304207055;0,305172074
22/08/2007 11:00;606,00;297,75;99300,00;1,40;569,84;569,84;0,00;566,48;666,75;666,51;666,51;140,6827706;140,3231544;140,3231544;133,082;0;7,2;6,1;52,44;-2,97;55,41;60,90;29,10;156,55;26,50;0,98;1,000;0,992;0,799;0,922;0,8873;0,8873;132,0045549;0,704;10657417,90;1169138,88;1169138,882;13595,06;13595,05687;0,393860597;0,394869972
22/08/2007 12:00;667,00;298,75;99300,00;1,40;628,79;628,79;0,00;566,48;666,75;666,49;666,49;155,2353264;154,7990764;154,7990764;133,082;0;21,7;20,5;52,37;-3,04;55,41;62,52;27,48;187,65;27,22;0,98;1,000;0,992;0,799;0,922;0,8968;0,8968;133,4479041;0,698;11632653,77;1168835,08;1168835,075;13554,55;13554,5524;0,356938084;0,357943996
22/08/2007 13:00;787,00;299,45;99300,00;2,10;773,95;773,95;0,00;566,48;666,75;666,41;666,41;191,0730873;190,3802669;190,3802669;133,082;0;57,3;56,0;52,18;-3,23;55,41;58,09;31,91;216,20;25,25;0,99;1,000;0,993;0,799;0,922;0,9142;0,9142;136,1571758;0,713;14033273,40;1171880,58;1171880,575;13532,43;13532,42694;0,289990604;0,29104592
22/08/2007 14:00;778,00;299,95;99300,00;2,10;801,49;800,19;0,16;566,48;666,75;666,42;666,28;197,8709128;196,8807313;196,8598141;133,082;0;63,8;62,7;52,14;-3,27;55,41;49,59;40,41;236,70;20,85;0,99;1,000;0,994;0,799;0,922;0,9168;0,9168;136,7463643;0,743;14469921,30;1171938,53;1171158,468;13513,43;13509,92347;0,28002802;0,281436378
22/08/2007 15:00;715,00;299,95;99300,00;2,60;767,58;764,76;0,37;566,48;666,75;666,38;666,05;189,4994777;188,098259;188,051973;133,082;0;55,0;54,4;52,19;-3,22;55,41;39,12;50,88;251,20;14,48;1,00;1,000;0,996;0,799;0,922;0,9132;0,9133;136,5563085;0,774;13877021,12;1172704,80;1170944,563;13510,28;13502,36384;0,292398695;0,294576889
22/08/2007 16:00;577,00;299,35;99300,00;2,20;626,62;621,70;0,78;566,48;666,75;666,45;665,77;154,6983636;153,0844733;152,9931344;133,082;0;20,0;20,0;52,37;-3,04;55,41;27,78;62,22;262,44;6,69;1,00;1,000;0,998;0,799;0,922;0,8955;0,8959;134,3718153;0,794;11512709,21;1170658,10;1166918,26;13529,16;13512,28131;0,358177027;0,361953102
22/08/2007 17:00;503,00;298,45;99300,00;2,80;408,98;405,58;0,83;566,48;666,75;666,39;665,68;100,9682618;99,82474775;99,74072096;99,8979;0;-0,1;0,0;38,23;-2,63;40,86;16,16;73,84;272,14;2,06;1,00;0,784;0,999;0,799;0,922;0,8481;0,8487;127,4138445;0,799;7924434,13;1170997,01;1167101,235;13557,71;13540,11054;0,404681623;0,409317338
22/08/2007 18:00;164,00;297,15;99300,00;4,70;204,00;204,00;0,00;597,61;593,15;571,64;571,64;-2,176294504;-12,53380158;-12,53367752;0;0;-12,5;0,0;-0,37;-0,37;0,00;4,60;85,40;281,37;11,34;1,00;0,226;0,997;0,799;0,922;0,0000;0,0000;-29,86809613;0,783;728635,16;858438,70;858447,0624;11976,70;11976,74873;0;
22/08/2007 19:00;0,00;295,95;99300,00;6,00;204,00;204,00;0,00;579,30;575,51;556,16;556,16;-1,81547614;-10,94752557;-10,94549704;0;0;-10,9;0,0;-0,37;-0,37;0,00;-6,58;96,58;290,91;20,77;0,99;0,000;0,994;0,799;0,922;0,0000;0,0000;0;0,743;0,00;750218,99;750355,9852;11301,89;11302,88174;0;
22/08/2007 20:00;0,00;294,85;99300,00;6,30;204,00;204,00;0,00;563,56;560,26;542,76;542,74;-1,54864219;-9,675790321;-9,668714783;0;0;-9,7;0,0;-0,37;-0,37;0,00;-17,04;107,04;301,47;29,95;0,97;0,000;0,991;0,799;0,922;0,0000;0,0000;0;0,675;0,00;663250,12;663728,3158;10719,99;10723,54677;0;
22/08/2007 21:00;0,00;293,65;99300,00;5,20;204,00;204,00;0,00;549,87;546,99;531,04;531,02;-1,334496476;-8,626185394;-8,620920155;0;0;-8,6;0,0;-0,37;-0,37;0,00;-26,27;116,27;313,79;38,35;0,94;0,000;0,988;0,799;0,922;0,0000;0,0000;0;0,591;0,00;591757,89;592113,8386;10225,85;10228,73333;0;
22/08/2007 22:00;0,00;292,45;99300,00;5,50;204,00;204,00;0,00;537,75;535,17;520,47;520,47;-1,17433562;-7,800860776;-7,796748612;0;0;-7,8;0,0;-0,37;-0,37;0,00;-33,60;123,60;328,51;45,25;0,90;0,000;0,984;0,799;0,922;0,0000;0,0000;0;0,507;0,00;535341,83;535619,8124;9789,70;9792,128617;0;
22/08/2007 23:00;0,00;291,35;99300,00;5,90;204,00;204,00;0,00;526,88;524,55;510,91;510,91;-1,043973809;-7,114469061;-7,11119244;0;0;-7,1;0,0;-0,37;-0,37;0,00;-38,16;128,16;345,78;49,66;0,86;0,000;0,982;0,799;0,922;0,0000;0,0000;0;0,446;0,00;488262,11;488483,5659;9397,45;9399,524991;0;
23/08/2007 0:00;0,00;290,65;99300,00;5,20;204,00;204,00;0,00;517,09;514,99;502,30;502,30;-0,930923268;-6,511869239;-6,509252723;0;0;-6,5;0,0;-0,37;-0,37;0,00;-39,15;129,15;4,58;50,62;0,85;0,000;0,981;0,799;0,922;0,0000;0,0000;0;0,433;0,00;446822,39;446999,1746;9031,69;9033,458718;0;
23/08/2007 1:00;0,00;290,05;99300,00;4,50;204,00;204,00;0,00;508,21;506,30;494,44;494,44;-0,835800639;-5,997951458;-5,995821116;0;0;-6,0;0,0;-0,37;-0,37;0,00;-36,39;126,39;22,87;47,88;0,88;0,000;0,983;0,799;0,922;0,0000;0,0000;0;0,471;0,00;411369,23;411513,107;8697,36;8698,892986;0;
23/08/2007 2:00;0,00;289,65;99300,00;4,50;204,00;204,00;0,00;500,07;498,32;487,17;487,16;-0,758933055;-5,563856909;-5,562080722;0;0;-5,6;0,0;-0,37;-0,37;0,00;-30,40;120,40;38,98;42,11;0,92;0,000;0,986;0,799;0,922;0,0000;0,0000;0;0,546;0,00;381314,31;381434,2331;8382,96;8384,302281;0;
23/08/2007 3:00;0,00;289,25;99300,00;3,60;204,00;204,00;0,00;492,58;490,98;480,48;480,47;-0,68921635;-5,173476251;-5,171995947;0;0;-5,2;0,0;-0,37;-0,37;0,00;-22,06;112,06;52,50;34,35;0,96;0,000;0,989;0,799;0,922;0,0000;0,0000;0;0,633;0,00;354233,93;354333,8364;8095,33;8096,514079;0;
23/08/2007 4:00;0,00;289,05;99300,00;3,40;204,00;204,00;0,00;485,65;484,17;474,23;474,22;-0,631376098;-4,83777332;-4,836512903;0;0;-4,8;0,0;-0,37;-0,37;0,00;-12,18;102,18;63,90;25,47;0,99;0,000;0,993;0,799;0,922;0,0000;0,0000;0;0,711;0,00;330869,46;330954,507;7820,43;7821,484101;0;
23/08/2007 5:00;0,00;288,95;99300,00;1,90;204,00;204,00;0,00;479,27;477,91;468,49;468,49;-0,573594517;-4,528638894;-4,527578999;0;0;-4,5;0,0;-0,37;-0,37;0,00;-1,34;91,34;73,90;16,10;1,00;0,000;0,996;0,799;0,922;0,0000;0,0000;0;0,768;0,00;309338,23;309409,731;7564,10;7565,030692;0;
23/08/2007 6:00;24,00;289,95;99300,00;3,40;204,00;204,00;0,00;473,23;471,95;462,99;462,99;-0,536660694;-4,26790499;-4,267935276;0;0;-4,3;0,0;-0,37;-0,37;0,00;10,05;79,95;83,23;6,67;1,00;0,492;0,998;0,799;0,922;0,0000;0,0000;-22,79139248;0,794;235466,39;291159,05;291157,0112;7273,51;7273,485849;0;
23/08/2007 7:00;289,00;291,15;99300,00;4,70;204,00;259,42;-27,17;561,54;626,58;668,31;689,82;31,76143909;65,23380323;68,06672402;0;8,916151149;65,2;0,0;-0,37;-0,37;0,00;21,67;68,33;92,61;2,43;1,00;1,000;0,999;0,799;0,922;0,7904;0,7646;54,69154238;0,798;5807376,74;1178669,02;1312798,247;13836,51;14412,25734;0;
23/08/2007 8:00;686,00;293,35;99300,00;3,00;686,53;727,23;-5,93;566,48;666,75;668,26;673,45;169,4898987;181,6089782;182,4099668;133,082;0;48,5;15,6;52,30;-3,11;55,41;33,18;56,82;102,94;10,80;1,00;1,000;0,997;0,799;0,922;0,9095;0,9071;125,3463958;0,785;13521720,95;1189829,67;1219188,738;13841,38;13970,82102;0,326918598;0,305102757
23/08/2007 9:00;774,00;295,45;99300,00;2,60;815,14;815,14;0,00;566,48;666,75;666,38;666,38;201,2418048;200,444035;200,444035;133,082;0;67,4;66,0;52,12;-3,29;55,41;44,16;45,84;115,52;18,01;1,00;1,000;0,995;0,799;0,922;0,9178;0,9178;136,7448247;0,759;14716593,86;1177426,41;1177426,405;13708,58;13708,57915;0,275337423;0,27643327
23/08/2007 10:00;833,00;297,35;99300,00;3,60;837,92;837,92;0,00;566,48;666,75;666,52;666,52;206,8642373;206,3586707;206,3586707;133,082;0;73,3;71,6;52,08;-3,33;55,41;53,82;36,18;132,55;23,53;0,99;1,000;0,993;0,799;0,922;0,9198;0,9198;136,8294502;0,725;15118400,09;1179728,11;1179728,111;13631,16;13631,15646;0,267853935;0,268510162
23/08/2007 11:00;856,00;298,95;99300,00;3,60;829,54;829,54;0,00;566,48;666,75;666,63;666,63;204,7973626;204,5299479;204,5299479;133,082;0;71,4;69,5;52,10;-3,31;55,41;60,60;29,40;156,89;26,84;0,98;1,000;0,992;0,799;0,922;0,9192;0,9192;136,578881;0,701;14994804,54;1178731,13;1178731,125;13563,64;13563,63932;0,270557195;0,270910938
23/08/2007 12:00;865,00;300,15;99300,00;5,50;831,48;831,48;0,00;566,48;666,75;666,58;666,58;205,2760618;204,9066473;204,9066473;133,082;0;71,8;70,0;52,09;-3,32;55,41;62,18;27,82;187,71;27,55;0,98;1,000;0,992;0,799;0,922;0,9190;0,9190;136,6148184;0,695;15025900,14;1184335,82;1184335,819;13510,70;13510,69658;0,269926262;0,270412896
23/08/2007 13:00;877,00;301,05;99300,00;5,00;866,72;866,72;0,00;566,48;666,75;666,44;666,44;213,9753528;213,2577518;213,2577518;133,082;0;80,2;78,6;52,04;-3,37;55,41;57,76;32,24;216,01;25,56;0,99;1,000;0,993;0,799;0,922;0,9221;0,9221;137,2959104;0,711;15584976,43;1181337,00;1181337,001;13470,83;13470,82769;0,258952254;0,259823615
23/08/2007 14:00;837,00;301,45;99300,00;5,00;864,72;863,34;0,16;566,48;666,75;666,44;666,30;213,4828283;212,4540527;212,433445;133,082;0;79,4;78,1;52,04;-3,37;55,41;49,30;40,70;236,43;21,14;0,99;1,000;0,994;0,799;0,922;0,9218;0,9219;137,4743811;0,741;15528917,21;1180961,93;1180193,926;13453,74;13450,26697;0,259549681;0,26080651
23/08/2007 15:00;774,00;301,55;99300,00;4,70;835,13;832,13;0,36;566,48;666,75;666,40;666,08;206,1771718;204,7068791;204,6596675;133,082;0;71,6;70,9;52,09;-3,32;55,41;38,85;51,15;250,92;14,75;1,00;1,000;0,996;0,799;0,922;0,9192;0,9194;137,4242522;0,773;15002968,44;1179097,31;1177356,236;13446,53;13438,75068;0,268746533;0,270676785
23/08/2007 16:00;589,00;300,95;99300,00;4,70;640,41;635,35;0,79;566,48;666,75;666,44;665,76;158,1035718;156,4368963;156,3438585;133,082;0;23,4;23,3;52,35;-3,06;55,41;27,52;62,48;262,18;6,93;1,00;1,000;0,998;0,799;0,922;0,8970;0,8973;134,608415;0,793;11745444,87;1177231,94;1173441,341;13460,75;13443,76212;0,350462671;0,354196493
23/08/2007 17:00;241,00;299,65;99300,00;3,40;204,00;204,00;0,00;566,48;666,75;646,15;646,15;50,36340684;39,49465138;39,49465138;38,0682;0;1,4;0,0;11,96;-1,67;13,63;15,90;74,10;271,90;1,83;1,00;0,772;1,000;0,799;0,922;0,7089;0,7089;134,7052107;0,799;3738786,84;1066712,45;1066712,454;13014,60;13014,60363;0,270605204;0,345074574
23/08/2007 18:00;69,00;298,25;99300,00;3,60;204,00;204,00;0,00;597,80;593,40;571,91;571,91;-2,154297029;-12,50221195;-12,50227192;0;0;-12,5;0,0;-0,37;-0,37;0,00;4,34;85,66;281,15;11,12;1,00;0,213;0,997;0,799;0,922;0,0000;0,0000;-74,45099344;0,784;289357,73;856334,78;856330,7358;11939,17;11939,1458;0;
23/08/2007 19:00;0,00;297,35;99300,00;3,60;204,00;204,00;0,00;579,70;575,95;556,70;556,69;-1,795780047;-10,89101472;-10,88792611;0;0;-10,9;0,0;-0,37;-0,37;0,00;-6,86;96,86;290,70;20,55;1,00;0,000;0,994;0,799;0,922;0,0000;0,0000;0;0,745;0,00;746350,01;746558,5818;11261,06;11262,53985;0;
23/08/2007 20:00;0,00;296,35;99300,00;3,80;204,00;204,00;0,00;564,14;560,88;543,44;543,43;-1,532358947;-9,633576808;-9,62664521;0;0;-9,6;0,0;-0,37;-0,37;0,00;-17,33;107,33;301,28;29,72;0,98;0,000;0,991;0,799;0,922;0,0000;0,0000;0;0,677;0,00;660433,24;660901,6997;10682,51;10686,00923;0;
23/08/2007 21:00;0,00;295,45;99300,00;2,80;204,00;204,00;0,00;550,63;547,78;531,85;531,84;-1,318631326;-8,606463205;-8,601287452;0;0;-8,6;0,0;-0,37;-0,37;0,00;-26,59;116,59;313,63;38,10;0,94;0,000;0,988;0,799;0,922;0,0000;0,0000;0;0,593;0,00;590470,47;590820,3658;10182,03;10184,87088;0;
23/08/2007 22:00;0,00;294,45;99300,00;2,40;204,00;204,00;0,00;538,72;536,18;521,51;521,50;-1,155220914;-7,780303332;-7,776294308;0;0;-7,8;0,0;-0,37;-0,37;0,00;-33,94;123,94;328,41;44,97;0,90;0,000;0,985;0,799;0,922;0,0000;0,0000;0;0,510;0,00;534019,45;534290,4631;9746,39;9748,766784;0;
23/08/2007 23:00;0,00;293,45;99300,00;1,70;204,00;204,00;0,00;528,11;525,85;512,23;512,22;-1,020366737;-7,091205375;-7,088046056;0;0;-7,1;0,0;-0,37;-0,37;0,00;-38,50;128,50;345,78;49,34;0,87;0,000;0,982;0,799;0,922;0,0000;0,0000;0;0,451;0,00;486787,47;487000,9971;9361,70;9363,701596;0;
24/08/2007 0:00;0,00;292,75;99300,00;1,30;204,00;204,00;0,00;518,57;516,53;503,82;503,81;-0,910406319;-6,513022742;-6,510477917;0;0;-6,5;0,0;-0,37;-0,37;0,00;-39,49;129,49;4,70;50,28;0,86;0,000;0,981;0,799;0,922;0,0000;0,0000;0;0,438;0,00;447026,96;447198,9075;9005,60;9007,316268;0;
24/08/2007 1:00;0,00;291,95;99300,00;1,40;204,00;204,00;0,00;509,87;508,00;496,07;496,07;-0,823029095;-6,025297513;-6,023195319;0;0;-6,0;0,0;-0,37;-0,37;0,00;-36,69;126,69;23,08;47,53;0,88;0,000;0,983;0,799;0,922;0,0000;0,0000;0;0,476;0,00;413367,79;413509,7807;8686,24;8687,741676;0;
24/08/2007 2:00;0,00;291,55;99300,00;1,90;204,00;204,00;0,00;501,85;500,12;488,89;488,89;-0,751505001;-5,602253856;-5,600486887;0;0;-5,6;0,0;-0,37;-0,37;0,00;-30,66;120,66;39,24;41,78;0,92;0,000;0,986;0,799;0,922;0,0000;0,0000;0;0,550;0,00;384079,57;384198,8771;8376,29;8377,62445;0;
24/08/2007 3:00;0,00;291,05;99300,00;2,80;204,00;204,00;0,00;494,37;492,76;482,14;482,14;-0,692959978;-5,234292581;-5,232778385;0;0;-5,2;0,0;-0,37;-0,37;0,00;-22,29;112,29;52,78;34,03;0,96;0,000;0,990;0,799;0,922;0,0000;0,0000;0;0,636;0,00;358518,12;358620,3233;8091,69;8092,892022;0;
24/08/2007 4:00;0,00;290,75;99300,00;1,20;204,00;204,00;0,00;487,53;486,06;476,02;476,02;-0,625213601;-4,884555208;-4,883300122;0;0;-4,9;0,0;-0,37;-0,37;0,00;-12,37;102,37;64,19;25,17;0,99;0,000;0,993;0,799;0,922;0,0000;0,0000;0;0,714;0,00;334225,04;334309,7375;7825,79;7826,837706;0;
24/08/2007 5:00;0,00;290,65;99300,00;1,70;204,00;204,00;0,00;481,12;479,75;470,21;470,20;-0,579660809;-4,592775118;-4,591681364;0;0;-4,6;0,0;-0,37;-0,37;0,00;-1,51;91,51;74,20;15,80;1,00;0,000;0,996;0,799;0,922;0,0000;0,0000;0;0,769;0,00;313863,44;313937,2258;7567,15;7568,104628;0;
24/08/2007 6:00;349,00;291,85;99300,00;1,40;204,00;204,00;0,00;510,90;531,92;595,83;595,83;9,396700293;39,49373676;39,49373676;0;0;39,5;0,0;-0,37;-0,37;0,00;9,90;80,10;83,54;6,37;1,00;0,484;0,998;0,799;0,922;0,7885;0,7885;27,86028434;0,794;3372794,11;697821,66;697821,6614;11073,06;11073,05861;0;
24/08/2007 7:00;637,00;293,65;99300,00;2,40;460,99;684,74;-48,54;566,48;666,75;668,22;706,76;113,8092024;163,5968133;171,6909889;93,6134;43,4492348;70,0;0,0;35,48;-2,64;38,12;21,51;68,49;92,94;2,74;1,00;1,000;0,999;0,799;0,922;0,9046;0,8828;88,94032547;0,798;12796130,64;1187141,65;1435258,027;13825,21;14844,26853;0,334923707;0,232995981
24/08/2007 8:00;759,00;295,65;99300,00;2,60;832,60;828,06;0,54;566,48;666,75;666,46;665,98;205,5505917;203,8611062;203,7899245;133,082;0;70,8;70,3;52,09;-3,32;55,41;33,02;56,98;103,30;11,12;1,00;1,000;0,997;0,799;0,922;0,9190;0,9192;137,5563714;0,784;14943007,70;1178003,16;1175378,409;13703,45;13691,65231;0,269565753;0,271799761
24/08/2007 9:00;825,00;297,65;99300,00;3,40;871,47;871,47;0,00;566,48;666,75;666,36;666,36;215,1477833;214,259071;214,259071;133,082;0;81,2;79,8;52,03;-3,38;55,41;43,97;46,03;115,92;18,34;1,00;1,000;0,995;0,799;0,922;0,9226;0,9226;137,4851353;0,757;15648803,26;1178578,81;1178578,809;13617,15;13617,14588;0,257541115;0,258609354
24/08/2007 10:00;861,00;299,45;99300,00;2,40;865,94;865,94;0,00;566,48;666,75;666,49;666,49;213,7817993;213,1902278;213,1902278;133,082;0;80,1;78,4;52,04;-3,37;55,41;53,58;36,42;132,97;23,87;0,99;1,000;0,993;0,799;0,922;0,9225;0,9225;137,2724826;0,723;15573536,32;1174633,59;1174633,593;13541,46;13541,46136;0,259186704;0,259905909
24/08/2007 11:00;880,00;300,95;99300,00;1,90;851,82;851,82;0,00;566,48;666,75;666,59;666,59;210,2978366;209,9466296;209,9466296;133,082;0;76,9;75,0;52,06;-3,35;55,41;60,29;29,71;157,22;27,19;0,98;1,000;0,992;0,799;0,922;0,9215;0,9215;136,9754565;0,698;15352957,53;1172126,58;1172126,576;13477,70;13477,70282;0,263480599;0,26392136
24/08/2007 12:00;888,00;302,05;99300,00;2,80;852,59;852,59;0,00;566,48;666,75;666,56;666,56;210,4862056;210,0692433;210,0692433;133,082;0;77,0;75,0;52,06;-3,35;55,41;61,83;28,17;187,77;27,89;0,98;1,000;0,992;0,799;0,922;0,9215;0,9215;137,0117304;0,693;15362641,21;1173543,48;1173543,477;13429,36;13429,35622;0,263244804;0,263767314
24/08/2007 13:00;872,00;302,85;99300,00;2,10;859,20;859,20;0,00;566,48;666,75;666,39;666,39;212,1193131;211,315891;211,315891;133,082;0;78,2;76,8;52,05;-3,36;55,41;57,43;32,57;215,82;25,88;0,99;1,000;0,992;0,799;0,922;0,9221;0,9221;137,3628837;0,708;15442258,30;1169963,95;1169963,95;13391,07;13391,06625;0,261218081;0,262211231
24/08/2007 14:00;852,00;303,25;99300,00;2,40;880,06;878,61;0,16;566,48;666,75;666,41;666,27;217,2687246;216,1488672;216,1267962;133,082;0;83,1;81,9;52,02;-3,39;55,41;49,00;41,00;236,16;21,43;0,99;1,000;0,994;0,799;0,922;0,9237;0,9237;137,79627;0,739;15767387,94;1170892,17;1170099,082;13376,06;13372,49667;0,255027041;0,256348325
24/08/2007 15:00;804,00;303,25;99300,00;2,80;869,63;866,48;0,36;566,48;666,75;666,39;666,07;214,6930314;213,146056;213,0979078;133,082;0;80,1;79,3;52,03;-3,38;55,41;38,57;51,43;250,65;15,01;1,00;1,000;0,996;0,799;0,922;0,9226;0,9227;137,9407302;0,772;15564150,71;1171847,52;1170104,126;13375,23;13367,40315;0,258086626;0,259959771
24/08/2007 16:00;738,00;302,65;99300,00;3,00;820,40;814,07;0,77;566,48;666,75;666,47;665,79;202,5398969;200,474362;200,3742504;133,082;0;67,4;67,3;52,11;-3,30;55,41;27,26;62,74;261,93;7,17;1,00;1,000;0,998;0,799;0,922;0,9180;0,9183;137,7072223;0,793;14708008,30;1172749,48;1169029,219;13399,95;13383,22785;0,273572767;0,276391452
24/08/2007 17:00;603,00;301,55;99300,00;3,60;480,52;480,52;0,00;566,48;666,75;666,82;666,82;118,6317454;118,7186735;118,7186735;117,374;0;1,3;0,0;45,70;-2,79;48,49;15,64;74,36;271,66;1,60;1,00;0,759;1,000;0,799;0,922;0,8690;0,8690;128,8479963;0,799;9207108,29;1173344,25;1173344,251;13436,51;13436,51166;0,40876664;0,408467334
24/08/2007 18:00;252,00;300,15;99300,00;2,80;204,00;204,00;0,00;597,84;593,45;593,39;593,39;-2,15000264;-2,178757711;-2,178724894;0;0;-2,2;0,0;-0,37;-0,37;0,00;4,07;85,93;280,93;10,90;1,00;0,200;0,997;0,799;0,922;0,0709;0,0709;-21,65205348;0,785;992978,63;914627,05;914629,2526;12233,06;12233,0692;0;
24/08/2007 19:00;0,00;299,25;99300,00;3,00;204,00;204,00;0,00;579,88;576,16;556,92;556,92;-1,781327264;-10,86977693;-10,86996275;0;0;-10,9;0,0;-0,37;-0,37;0,00;-7,14;97,14;290,49;20,33;1,00;0,000;0,994;0,799;0,922;0,0000;0,0000;0;0,746;0,00;745145,55;745133,0029;11189,22;11189,132;0;
24/08/2007 20:00;0,00;298,25;99300,00;2,80;204,00;204,00;0,00;564,47;561,24;543,82;543,80;-1,518407044;-9,616256488;-9,609407468;0;0;-9,6;0,0;-0,37;-0,37;0,00;-17,62;107,62;301,09;29,48;0,98;0,000;0,991;0,799;0,922;0,0000;0,0000;0;0,679;0,00;659283,38;659746,2518;10615,62;10619,0769;0;
24/08/2007 21:00;0,00;297,35;99300,00;2,40;204,00;204,00;0,00;551,06;548,22;532,29;532,27;-1,310993236;-8,60812924;-8,602970039;0;0;-8,6;0,0;-0,37;-0,37;0,00;-26,90;116,90;313,47;37,84;0,94;0,000;0,988;0,799;0,922;0,0000;0,0000;0;0,596;0,00;590606,39;590955,1623;10118,23;10121,06213;0;
24/08/2007 22:00;0,00;296,45;99300,00;3,00;204,00;204,00;0,00;539,15;536,62;521,91;521,90;-1,155387248;-7,79821407;-7,794171162;0;0;-7,8;0,0;-0,37;-0,37;0,00;-34,27;124,27;328,31;44,68;0,90;0,000;0,985;0,799;0,922;0,0000;0,0000;0;0,514;0,00;535254,81;535528,12;9677,84;9680,227809;0;
24/08/2007 23:00;0,00;295,55;99300,00;3,20;204,00;204,00;0,00;528,49;526,21;512,55;512,55;-1,026696871;-7,116375435;-7,113157723;0;0;-7,1;0,0;-0,37;-0,37;0,00;-38,85;128,85;345,77;49,02;0,87;0,000;0,982;0,799;0,922;0,0000;0,0000;0;0,455;0,00;488511,52;488728,9974;9285,74;9287,770149;0;
25/08/2007 0:00;0,00;295,05;99300,00;3,20;204,00;204,00;0,00;518,86;516,80;504,06;504,05;-0,918746324;-6,533811836;-6,53121242;0;0;-6,5;0,0;-0,37;-0,37;0,00;-39,82;129,82;4,81;49,94;0,86;0,000;0,982;0,799;0,922;0,0000;0,0000;0;0,443;0,00;448451,12;448626,7619;8917,38;8919,121178;0;
25/08/2007 1:00;0,00;294,45;99300,00;0,90;204,00;204,00;0,00;510,27;508,43;496,50;496,50;-0,811105779;-6,013922278;-6,011856253;0;0;-6,0;0,0;-0,37;-0,37;0,00;-37,00;127,00;23,29;47,19;0,89;0,000;0,983;0,799;0,922;0,0000;0,0000;0;0,481;0,00;412637,14;412776,6857;8595,85;8597,326815;0;
25/08/2007 2:00;0,00;294,25;99300,00;1,40;204,00;204,00;0,00;502,37;500,67;489,43;489,43;-0,741093949;-5,594617726;-5,592872478;0;0;-5,6;0,0;-0,37;-0,37;0,00;-30,92;120,92;39,51;41,44;0,93;0,000;0,986;0,799;0,922;0,0000;0,0000;0;0,555;0,00;383614,83;383732,6714;8282,27;8283,582759;0;
25/08/2007 3:00;0,00;293,95;99300,00;1,40;204,00;204,00;0,00;495,06;493,49;482,88;482,87;-0,678016004;-5,22170265;-5,220226096;0;0;-5,2;0,0;-0,37;-0,37;0,00;-22,51;112,51;53,07;33,72;0,96;0,000;0,990;0,799;0,922;0,0000;0,0000;0;0,640;0,00;357740,68;357840,348;7996,86;7998,025013;0;
25/08/2007 4:00;0,00;293,75;99300,00;0,80;204,00;204,00;0,00;488,33;486,89;476,83;476,83;-0,617296082;-4,88725967;-4,886013518;0;0;-4,9;0,0;-0,37;-0,37;0,00;-12,57;102,57;64,49;24,86;0,99;0,000;0,993;0,799;0,922;0,0000;0,0000;0;0,716;0,00;334492,66;334576,7548;7730,67;7731,705442;0;
25/08/2007 5:00;0,00;293,75;99300,00;0,90;204,00;204,00;0,00;482,05;480,71;471,15;471,15;-0,569744671;-4,594789361;-4,593711617;0;0;-4,6;0,0;-0,37;-0,37;0,00;-1,68;91,68;74,50;15,49;1,00;0,000;0,996;0,799;0,922;0,0000;0,0000;0;0,770;0,00;314101,44;314174,1535;7473,35;7474,281609;0;
25/08/2007 6:00;406,00;294,95;99300,00;0,70;204,00;204,00;0,00;515,66;539,47;612,56;612,56;10,72355115;45,65127114;45,65127114;0;0;45,7;0,0;-0,37;-0,37;0,00;9,74;80,26;83,85;6,06;1,00;0,476;0,998;0,799;0,922;0,7952;0,7952;27,75543784;0,795;3863585,65;768854,65;768854,6451;11437,23;11437,23004;0;
25/08/2007 7:00;663,00;296,85;99300,00;0,20;508,99;715,82;-40,64;566,48;666,75;668,23;701,27;125,6591689;172,8881108;179,49673;105,338;39,3696463;67,6;0,0;40,48;-2,75;43,23;21,35;68,65;93,28;3,05;1,00;1,000;0,999;0,799;0,922;0,9090;0,8918;94,38413302;0,798;13313590,41;1178399,98;1384010,603;13688,78;14548,90537;0,344038564;0,250055367
25/08/2007 8:00;767,00;298,95;99300,00;0,60;842,47;837,56;0,58;566,48;666,75;666,39;665,88;207,9872919;206,0671545;205,9910426;133,082;0;73,0;72,7;52,08;-3,33;55,41;32,85;57,15;103,67;11,45;1,00;1,000;0,997;0,799;0,922;0,9204;0,9206;137,9039829;0,783;15082036,61;1169070,11;1166278,962;13559,53;13546,92205;0,266407623;0,268890014
25/08/2007 9:00;821,00;300,95;99300,00;0,20;866,63;865,16;0,17;566,48;666,75;666,38;666,23;213,9541212;212,769363;212,746804;133,082;0;79,7;78,6;52,04;-3,37;55,41;43,78;46,22;116,33;18,68;1,00;1,000;0,995;0,799;0,922;0,9229;0,9229;137,7283089;0,755;15534505,79;1166323,26;1165508,681;13473,99;13470,30666;0,258977951;0,260420012
25/08/2007 10:00;857,00;302,85;99300,00;0,80;859,58;859,58;0,00;566,48;666,75;666,41;666,41;212,2131273;211,443326;211,443326;133,082;0;78,4;76,9;52,05;-3,36;55,41;53,34;36,66;133,40;24,22;0,99;1,000;0,993;0,799;0,922;0,9224;0,9224;137,3806994;0,721;15447084,51;1166317,97;1166317,969;13391,56;13391,5633;0,261102603;0,262053199
25/08/2007 11:00;872,00;304,35;99300,00;0,70;840,77;840,77;0,00;566,48;666,75;666,52;666,52;207,5695718;207,052663;207,052663;133,082;0;74,0;72,3;52,08;-3,33;55,41;59,99;30,01;157,56;27,54;0,98;1,000;0,992;0,799;0,922;0,9210;0,9210;137,0065829;0,695;15150335,66;1164876,98;1164876,977;13327,57;13327,56731;0,266943751;0,267610178
25/08/2007 12:00;879,00;305,55;99300,00;0,70;840,82;840,82;0,00;566,48;666,75;666,48;666,48;207,5819158;206,9743641;206,9743641;133,082;0;73,9;72,3;52,08;-3,33;55,41;61,48;28,52;187,83;28,23;0,98;1,000;0,992;0,799;0,922;0,9210;0,9210;137,0763625;0,690;15143523,80;1163489,79;1163489,787;13274,49;13274,48851;0,266927877;0,267711416
25/08/2007 13:00;869,00;306,45;99300,00;0,60;854,04;852,69;0,16;566,48;666,75;666,44;666,30;210,8456621;209,8455801;209,8245967;133,082;0;76,8;75,5;52,06;-3,35;55,41;57,09;32,91;215,64;26,20;0,98;1,000;0,992;0,799;0,922;0,9221;0,9221;137,4983933;0,706;15334409,16;1162388,74;1161627,918;13235,81;13232,37793;0,262796016;0,264048449
25/08/2007 14:00;843,00;306,85;99300,00;1,10;868,80;865,94;0,33;566,48;666,75;666,48;666,19;214,4886152;213,2009717;213,1579654;133,082;0;80,1;79,1;52,04;-3,37;55,41;48,70;41,30;235,90;21,72;0,99;1,000;0,994;0,799;0,922;0,9231;0,9232;137,8405264;0,737;15560635,24;1163873,15;1162300,032;13220,76;13213,61141;0,258332592;0,259892812
25/08/2007 15:00;799,00;306,85;99300,00;1,10;863,71;859,10;0,53;566,48;666,75;666,47;666,00;213,2327394;211,5393654;211,4685854;133,082;0;78,5;77,9;52,04;-3,37;55,41;38,29;51,71;250,38;15,28;1,00;1,000;0,996;0,799;0,922;0,9225;0,9227;138,0439935;0,771;15446723,48;1163854,77;1161289,01;13220,76;13209,18092;0,259854093;0,261934226
25/08/2007 16:00;717,00;306,35;99300,00;1,10;796,04;789,46;0,83;566,48;666,75;666,40;665,68;196,527148;194,2886047;194,1831757;133,082;0;61,2;61,4;52,15;-3,26;55,41;26,99;63,01;261,67;7,42;1,00;1,000;0,998;0,799;0,922;0,9163;0,9166;137,6168966;0,792;14280742,62;1163017,88;1159056,188;13236,14;13218,23612;0,281942727;0,285191198
25/08/2007 17:00;556,00;305,25;99300,00;1,40;422,33;422,33;0,00;566,48;666,75;668,30;668,30;104,2641024;105,9863606;105,9863606;103,159;0;2,8;0,0;39,62;-2,66;42,28;15,38;74,62;271,43;1,37;1,00;0,747;1,000;0,799;0,922;0,8557;0,8557;124,8501842;0,799;8351137,24;1171445,49;1171445,492;13311,77;13311,76716;0,405524999;0,398935295
25/08/2007 18:00;209,00;303,85;99300,00;2,40;204,00;204,00;0,00;598,11;593,77;572,37;572,37;-2,119845362;-12,43074138;-12,43061843;0;0;-12,4;0,0;-0,37;-0,37;0,00;3,80;86,20;280,70;10,68;1,00;0,187;0,997;0,799;0,922;0,0000;0,0000;-27,53649458;0,785;769831,23;851525,15;851533,4374;11713,34;11713,39276;0;
25/08/2007 19:00;0,00;302,45;99300,00;1,30;204,00;204,00;0,00;580,44;576,79;557,58;557,57;-1,752366133;-10,83878253;-10,8346584;0;0;-10,8;0,0;-0,37;-0,37;0,00;-7,42;97,42;290,28;20,11;1,00;0,000;0,994;0,799;0,922;0,0000;0,0000;0;0,747;0,00;742788,76;743067,2446;11074,84;11076,82035;0;
25/08/2007 20:00;0,00;301,05;99300,00;1,80;204,00;204,00;0,00;565,20;562,01;544,57;544,55;-1,503786028;-9,619713655;-9,612909307;0;0;-9,6;0,0;-0,37;-0,37;0,00;-17,92;107,92;300,90;29,25;0,98;0,000;0,991;0,799;0,922;0,0000;0,0000;0;0,681;0,00;659553,55;660013,3795;10526,39;10529,81727;0;
25/08/2007 21:00;0,00;299,65;99300,00;0,90;204,00;204,00;0,00;551,97;549,17;533,20;533,18;-1,295327717;-8,61852447;-8,613423126;0;0;-8,6;0,0;-0,37;-0,37;0,00;-27,22;117,22;313,31;37,59;0,95;0,000;0,988;0,799;0,922;0,0000;0,0000;0;0,599;0,00;591360,24;591705,1006;10058,00;10060,78779;0;
25/08/2007 22:00;0,00;298,25;99300,00;1,20;204,00;204,00;0,00;540,21;537,71;522,95;522,94;-1,144107594;-7,817177147;-7,813171441;0;0;-7,8;0,0;-0,37;-0,37;0,00;-34,62;124,62;328,21;44,39;0,91;0,000;0,985;0,799;0,922;0,0000;0,0000;0;0,518;0,00;536603,83;536874,6263;9645,13;9647,482372;0;
25/08/2007 23:00;0,00;296,85;99300,00;0,70;204,00;204,00;0,00;529,72;527,48;513,76;513,75;-1,012029883;-7,138894056;-7,135725793;0;0;-7,1;0,0;-0,37;-0,37;0,00;-39,20;129,20;345,77;48,69;0,87;0,000;0,982;0,799;0,922;0,0000;0,0000;0;0,460;0,00;490124,31;490338,4518;9282,15;9284,147536;0;
26/08/2007 0:00;0,00;295,55;99300,00;0,20;204,00;204,00;0,00;520,31;518,29;505,46;505,45;-0,900343639;-6,569099712;-6,566552425;0;0;-6,6;0,0;-0,37;-0,37;0,00;-40,16;130,16;4,93;49,59;0,86;0,000;0,982;0,799;0,922;0,0000;0,0000;0;0,447;0,00;450955,20;451127,3245;8957,26;8958,970111;0;
26/08/2007 1:00;0,00;294,15;99300,00;0,90;204,00;204,00;0,00;511,62;509,74;497,70;497,69;-0,826605738;-6,092493642;-6,090350597;0;0;-6,1;0,0;-0,37;-0,37;0,00;-37,30;127,30;23,51;46,84;0,89;0,000;0,983;0,799;0,922;0,0000;0,0000;0;0,485;0,00;418057,88;418202,6386;8663,53;8665,04305;0;
26/08/2007 2:00;0,00;293,45;99300,00;1,20;204,00;204,00;0,00;503,59;501,86;490,52;490,51;-0,754045865;-5,665452338;-5,6636543;0;0;-5,7;0,0;-0,37;-0,37;0,00;-31,19;121,19;39,78;41,11;0,93;0,000;0,986;0,799;0,922;0,0000;0,0000;0;0,559;0,00;388510,46;388631,8765;8366,58;8367,923416;0;
26/08/2007 3:00;0,00;292,65;99300,00;1,20;204,00;204,00;0,00;496,16;494,57;483,84;483,84;-0,690665443;-5,288578882;-5,287056942;0;0;-5,3;0,0;-0,37;-0,37;0,00;-22,74;112,74;53,36;33,39;0,96;0,000;0,990;0,799;0,922;0,0000;0,0000;0;0,643;0,00;362362,70;362465,4411;8097,70;8098,896839;0;
26/08/2007 4:00;0,00;292,15;99300,00;0,80;204,00;204,00;0,00;489,30;487,83;477,67;477,66;-0,630518233;-4,950515778;-4,949227337;0;0;-5,0;0,0;-0,37;-0,37;0,00;-12,76;102,76;64,79;24,55;0,99;0,000;0,993;0,799;0,922;0,0000;0,0000;0;0,718;0,00;338860,03;338946,9758;7838,81;7839,873382;0;
26/08/2007 5:00;0,00;292,05;99300,00;0,90;204,00;204,00;0,00;482,90;481,53;471,88;471,87;-0,581869529;-4,651332547;-4,650221073;0;0;-4,7;0,0;-0,37;-0,37;0,00;-1,85;91,85;74,81;15,18;1,00;0,000;0,996;0,799;0,922;0,0000;0,0000;0;0,771;0,00;318005,31;318080,3028;7580,78;7581,736944;0;
26/08/2007 6:00;287,00;292,95;99300,00;0,80;204,00;204,00;0,00;504,51;519,79;572,11;572,11;6,752572193;30,85624626;30,85624626;0;0;30,9;0,0;-0,37;-0,37;0,00;9,58;80,42;84,17;5,75;1,00;0,469;0,998;0,799;0,922;0,7732;0,7732;25,11740684;0,795;2688403,40;600952,91;600952,9109;10328,71;10328,70586;0;
26/08/2007 7:00;571,00;294,45;99300,00;1,10;359,33;605,40;-68,48;566,48;666,75;668,33;719,32;88,71069731;140,1957895;151,9668438;68,7812;48,68793445;71,4;0,0;24,78;-2,42;27,20;21,19;68,81;93,62;3,37;1,00;1,000;0,999;0,799;0,922;0,8940;0,8589;77,39819244;0,798;11461598,07;1182178,03;1536800,748;13788,00;15201,78825;0,306566185;0,193983714
26/08/2007 8:00;712,00;296,25;99300,00;2,10;774,61;770,38;0,55;566,48;666,75;666,45;665,97;191,2362746;189,6530404;189,5837417;133,082;0;56,6;56,1;52,18;-3,23;55,41;32,68;57,32;104,03;11,78;1,00;1,000;0,997;0,799;0,922;0,9137;0,9139;136,765827;0,782;13982752,77;1175118,28;1172491,659;13673,02;13661,19745;0,289743147;0,292161939
26/08/2007 9:00;766,00;297,95;99300,00;1,60;800,23;798,99;0,15;566,48;666,75;666,47;666,33;197,5598447;196,6770509;196,6571197;133,082;0;63,6;62,4;52,14;-3,27;55,41;43,58;46,42;116,73;19,02;1,00;1,000;0,995;0,799;0,922;0,9167;0,9167;136,6541255;0,753;14456925,03;1172554,04;1171811,106;13601,21;13597,86163;0,280468939;0,281727836
26/08/2007 10:00;803,00;299,45;99300,00;1,80;796,64;796,64;0,00;566,48;666,75;666,50;666,50;196,6737944;196,142604;196,142604;133,082;0;63,1;61,5;52,14;-3,26;55,41;53,10;36,90;133,82;24,57;0,99;1,000;0,993;0,799;0,922;0,9165;0,9165;136,3721991;0,718;14421839,33;1171839,60;1171839,595;13536,33;13536,33262;0,281732501;0,282495485
26/08/2007 11:00;821,00;300,75;99300,00;2,40;782,32;782,32;0,00;566,48;666,75;666,62;666,62;193,1389745;192,8780968;192,8780968;133,082;0;59,8;58,0;52,17;-3,24;55,41;59,68;30,32;157,90;27,89;0,98;1,000;0,992;0,799;0,922;0,9151;0,9151;135,9787796;0,693;14203611,40;1172851,41;1172851,406;13481,91;13481,91481;0,286888755;0,287276787
26/08/2007 12:00;827,00;301,75;99300,00;3,60;781,37;781,37;0,00;566,48;666,75;666,60;666,60;192,9036984;192,5925973;192,5925973;133,082;0;59,5;57,8;52,17;-3,24;55,41;61,13;28,87;187,89;28,57;0,98;1,000;0,992;0,799;0,922;0,9149;0,9149;135,9739494;0,687;14186812,94;1175228,52;1175228,516;13437,91;13437,91207;0,287238661;0,287702647
26/08/2007 13:00;762,00;302,25;99300,00;3,60;735,53;735,53;0,00;566,48;666,75;666,41;666,41;181,5882259;180,922724;180,922724;133,082;0;47,8;46,6;52,23;-3,18;55,41;56,75;33,25;215,46;26,52;0,98;1,000;0,992;0,799;0,922;0,9100;0,9100;135,5400468;0,703;13397385,51;1173027,93;1173027,928;13408,30;13408,29559;0,305137625;0,306260036
26/08/2007 14:00;754,00;302,65;99300,00;4,30;765,74;764,49;0,16;566,48;666,75;666,42;666,27;189,0452195;188,0853484;188,0646297;133,082;0;55,0;54,0;52,19;-3,22;55,41;48,39;41,61;235,64;22,01;0,99;1,000;0,994;0,799;0,922;0,9130;0,9130;136,1883704;0,736;13881157,33;1175494,49;1174706,506;13393,78;13390,24961;0,293101302;0,29459711
26/08/2007 15:00;691,00;302,65;99300,00;4,70;734,53;731,91;0,36;566,48;666,75;666,40;666,09;181,3396183;180,0704034;180,0260517;133,082;0;47,0;46,3;52,23;-3,18;55,41;38,01;51,99;250,12;15,54;1,00;1,000;0,996;0,799;0,922;0,9094;0,9095;135,9307841;0,770;13340585,03;1176599,44;1174882,274;13391,77;13384,08702;0,305555954;0,307709646
26/08/2007 16:00;614,00;302,05;99300,00;3,00;669,90;664,53;0,80;566,48;666,75;666,43;665,74;165,383306;163,6006595;163,5050891;133,082;0;30,5;30,5;52,32;-3,09;55,41;26,72;63,28;261,42;7,66;1,00;1,000;0,998;0,799;0,922;0,9015;0,9019;135,3214982;0,792;12221510,12;1170939,80;1167110,672;13414,49;13397,25084;0,335036234;0,338686899
26/08/2007 17:00;414,00;300,95;99300,00;3,00;283,08;289,46;-2,26;566,48;666,75;668,31;670,16;69,88539897;72,42015798;72,64955999;69,1446;0;3,3;0,0;24,99;-2,36;27,36;15,11;74,89;271,19;1,15;1,00;0,734;1,000;0,799;0,922;0,8012;0,7991;114,3100377;0,799;6113671,24;1180717,11;1191313,121;13501,25;13548,61485;0,391449436;0,377748417
26/08/2007 18:00;70,00;299,65;99300,00;2,40;204,00;204,00;0,00;597,97;593,60;572,15;572,15;-2,135641541;-12,46801872;-12,46791382;0;0;-12,5;0,0;-0,37;-0,37;0,00;3,53;86,47;280,47;10,45;1,00;0,173;0,997;0,799;0,922;0,0000;0,0000;-89,13688601;0,786;239591,22;854029,91;854036,9866;11887,40;11887,44509;0;
26/08/2007 19:00;0,00;298,75;99300,00;3,40;204,00;204,00;0,00;579,95;576,21;556,95;556,94;-1,789145883;-10,89117969;-10,8880898;0;0;-10,9;0,0;-0,37;-0,37;0,00;-7,70;97,70;290,07;19,88;1,00;0,000;0,994;0,799;0,922;0,0000;0,0000;0;0,748;0,00;746372,87;746581,5254;11211,26;11212,73823;0;
26/08/2007 20:00;0,00;297,85;99300,00;3,80;204,00;204,00;0,00;564,43;561,18;543,73;543,72;-1,528221891;-9,639921311;-9,632990066;0;0;-9,6;0,0;-0,37;-0,37;0,00;-18,22;108,22;300,71;29,01;0,98;0,000;0,991;0,799;0,922;0,0000;0,0000;0;0,683;0,00;660875,59;661344,0125;10630,26;10633,74975;0;
26/08/2007 21:00;0,00;296,95;99300,00;3,20;204,00;204,00;0,00;550,94;548,09;532,14;532,13;-1,318214988;-8,620112775;-8,614912599;0;0;-8,6;0,0;-0,37;-0,37;0,00;-27,55;117,55;313,15;37,33;0,95;0,000;0,988;0,799;0,922;0,0000;0,0000;0;0,602;0,00;591407,84;591759,3855;10129,99;10132,84207;0;
26/08/2007 22:00;0,00;296,05;99300,00;2,10;204,00;204,00;0,00;539,09;536,57;521,88;521,87;-1,149366574;-7,782435569;-7,778444479;0;0;-7,8;0,0;-0,37;-0,37;0,00;-34,96;124,96;328,11;44,10;0,91;0,000;0,985;0,799;0,922;0,0000;0,0000;0;0,522;0,00;534187,83;534457,6324;9693,27;9695,633567;0;
26/08/2007 23:00;0,00;295,15;99300,00;2,80;204,00;204,00;0,00;528,44;526,17;512,52;512,51;-1,025743577;-7,111644454;-7,108436372;0;0;-7,1;0,0;-0,37;-0,37;0,00;-39,55;129,55;345,78;48,37;0,88;0,000;0,983;0,799;0,922;0,0000;0,0000;0;0,465;0,00;488189,47;488406,2978;9301,52;9303,54408;0;
27/08/2007 0:00;0,00;294,85;99300,00;2,80;204,00;204,00;0,00;518,84;516,78;504,05;504,05;-0,916497346;-6,528791028;-6,526203314;0;0;-6,5;0,0;-0,37;-0,37;0,00;-40,50;130,50;5,05;49,24;0,87;0,000;0,982;0,799;0,922;0,0000;0,0000;0;0,452;0,00;448111,05;448285,897;8925,43;8927,167418;0;
27/08/2007 1:00;0,00;294,65;99300,00;3,40;204,00;204,00;0,00;510,07;508,19;496,25;496,25;-0,828964571;-6,035723331;-6,033582031;0;0;-6,0;0,0;-0,37;-0,37;0,00;-37,61;127,61;23,73;46,49;0,89;0,000;0,984;0,799;0,922;0,0000;0,0000;0;0,490;0,00;414087,36;414231,9899;8577,55;8579,070691;0;
27/08/2007 2:00;0,00;294,55;99300,00;5,50;204,00;204,00;0,00;501,94;500,19;488,93;488,92;-0,761622672;-5,628469235;-5,626635679;0;0;-5,6;0,0;-0,37;-0,37;0,00;-31,45;121,45;40,05;40,77;0,93;0,000;0,987;0,799;0,922;0,0000;0,0000;0;0,563;0,00;385854,17;385977,976;8249,05;8250,417479;0;
27/08/2007 3:00;0,00;294,35;99300,00;6,90;204,00;204,00;0,00;494,37;492,75;482,09;482,08;-0,700738476;-5,26086089;-5,259291729;0;0;-5,3;0,0;-0,37;-0,37;0,00;-22,96;112,96;53,66;33,07;0,96;0,000;0,990;0,799;0,922;0,0000;0,0000;0;0,646;0,00;360308,33;360414,2478;7947,60;7948,823017;0;
27/08/2007 4:00;0,00;294,35;99300,00;4,70;204,00;204,00;0,00;487,44;485,96;475,93;475,93;-0,633274978;-4,884920703;-4,883634049;0;0;-4,9;0,0;-0,37;-0,37;0,00;-12,95;102,95;65,09;24,23;0,99;0,000;0,993;0,799;0,922;0,0000;0,0000;0;0,721;0,00;334238,28;334325,1001;7665,99;7667,05046;0;
27/08/2007 5:00;0,00;294,35;99300,00;5,50;204,00;204,00;0,00;480,95;479,57;470,04;470,04;-0,586326486;-4,592259528;-4,591132784;0;0;-4,6;0,0;-0,37;-0,37;0,00;-2,02;92,02;75,12;14,87;1,00;0,000;0,996;0,799;0,922;0,0000;0,0000;0;0,772;0,00;313808,47;313884,4872;7399,71;7400,680845;0;
27/08/2007 6:00;0,00;294,65;99300,00;5,70;204,00;204,00;0,00;474,87;473,58;464,53;464,53;-0,542045343;-4,318809864;-4,318841832;0;0;-4,3;0,0;-0,37;-0,37;0,00;9,42;80,58;84,49;5,43;1,00;0,461;0,999;0,799;0,922;0,0000;0,0000;0;0,795;0,00;294774,24;294772,0872;7138,33;7138,298608;0;
27/08/2007 7:00;1,00;295,35;99300,00;4,70;204,00;204,00;0,00;469,21;468,01;459,42;459,42;-0,497827082;-4,055141045;-4,055167447;0;0;-4,1;0,0;-0,37;-0,37;0,00;21,04;68,96;93,96;3,69;1,00;1,000;0,999;0,799;0,922;0,0000;0,0000;-248,1175285;0,797;20064,16;276360,55;276358,7674;6876,39;6876,365873;0;
27/08/2007 8:00;25,00;296,35;99300,00;5,00;204,00;204,00;0,00;474,02;477,57;480,39;480,39;1,493941544;2,685898633;2,685898633;0;0;2,7;0,0;-0,37;-0,37;0,00;32,51;57,49;104,40;12,11;1,00;1,000;0,997;0,799;0,922;0,3629;0,3629;30,46866862;0,781;490320,59;318800,49;318800,486;7402,38;7402,37504;0;
27/08/2007 9:00;154,00;297,85;99300,00;4,70;204,00;204,00;0,00;521,85;553,96;591,24;591,24;14,65099957;32,39025112;32,39025112;0;0;32,4;0,0;-0,37;-0,37;0,00;43,38;46,62;117,14;19,36;1,00;1,000;0,995;0,799;0,922;0,7518;0,7518;50,54069468;0,751;2898852,04;708417,77;708417,7682;10908,29;10908,28637;0;
27/08/2007 10:00;324,00;299,75;99300,00;5,00;204,00;270,33;-32,51;566,48;666,75;668,28;692,70;50,36340684;64,50361808;67,82387336;0;10,60677452;64,5;0,0;-0,39;-0,39;0,00;52,85;37,15;134,24;24,92;0,99;1,000;0,993;0,799;0,922;0,7888;0,7590;86,86970357;0,716;5797580,14;1188295,29;1342781,181;13552,02;14205,79575;0;
27/08/2007 11:00;729,00;302,05;99300,00;6,90;682,68;682,68;0,00;566,48;666,75;666,59;666,59;168,5384253;168,2450659;168,2450659;133,082;0;35,2;33,4;52,30;-3,11;55,41;59,37;30,63;158,23;28,24;0,98;1,000;0,992;0,799;0,922;0,9029;0,9029;134,2187126;0,690;12556999,10;1185767,04;1185767,038;13418,01;13418,00858;0,328764197;0,329337444
27/08/2007 12:00;643,00;303,55;99300,00;6,90;588,72;588,72;0,00;566,48;666,75;666,48;666,48;145,3423733;144,9289612;144,9289612;133,082;0;11,8;10,7;52,41;-2,99;55,41;60,78;29,22;187,96;28,92;0,98;1,000;0,991;0,799;0,922;0,8893;0,8893;132,3442483;0,684;10982145,06;1182505,60;1182505,596;13344,50;13344,49641;0,381233626;0,382321101
27/08/2007 13:00;748,00;304,75;99300,00;6,60;717,61;716,53;0,15;566,48;666,75;666,49;666,35;177,1641462;176,4173248;176,3985309;133,082;0;43,3;42,2;52,26;-3,15;55,41;56,41;33,59;215,29;26,85;0,98;1,000;0,992;0,799;0,922;0,9073;0,9073;135,2155952;0,701;13102345,62;1181973,72;1181240,9;13300,94;13297,68118;0,312757413;0,314081398
27/08/2007 14:00;664,00;305,35;99300,00;8,10;663,86;661,61;0,34;566,48;666,75;666,45;666,16;163,8933885;162,857375;162,8165611;133,082;0;29,8;29,1;52,32;-3,08;55,41;48,08;41,92;235,38;22,31;0,99;1,000;0,994;0,799;0,922;0,9000;0,9001;134,4341508;0,734;12191350,76;1186234,53;1184591,839;13270,96;13263,68547;0,338081972;0,340232673
27/08/2007 15:00;648,00;305,55;99300,00;8,10;683,25;679,61;0,53;566,48;666,75;666,47;666,01;168,6796403;167,3514477;167,286561;133,082;0;34,3;33,8;52,30;-3,11;55,41;37,72;52,28;249,85;15,81;1,00;1,000;0,996;0,799;0,922;0,9024;0,9026;135,0195414;0,769;12492979,80;1186537,12;1183948,101;13264,67;13253,19793;0,328488962;0,33109603
27/08/2007 16:00;597,00;305,35;99300,00;8,60;648,55;643,02;0,85;566,48;666,75;666,37;665,63;160,1139111;158,2097145;158,108214;133,082;0;25,1;25,3;52,34;-3,07;55,41;26,45;63,55;261,16;7,91;1,00;1,000;0,998;0,799;0,922;0,8972;0,8976;134,8288126;0,791;11875348,31;1187712,14;1183571,53;13269,13;13250,79429;0,346062373;0,350227546
27/08/2007 17:00;269,00;304,45;99300,00;8,60;204,00;204,00;0,00;566,48;666,75;649,77;649,77;50,36340684;41,38148555;41,38148555;36,9086;0;4,5;0,0;11,47;-1,66;13,12;14,84;75,16;270,95;0,91;1,00;0,721;1,000;0,799;0,922;0,7118;0,7118;129,0241772;0,799;3903408,49;1098722,98;1098722,977;12897,46;12897,46057;0,260586025;0,317146662
27/08/2007 18:00;118,00;303,35;99300,00;7,80;204,00;204,00;0,00;597,83;593,43;571,74;571,74;-2,151439548;-12,5958073;-12,59589086;0;0;-12,6;0,0;-0,37;-0,37;0,00;3,26;86,74;280,25;10,23;1,00;0,160;0,997;0,799;0,922;0,0000;0,0000;-57,72552978;0,786;372701,57;862650,48;862644,8488;11715,07;11715,03134;0;
27/08/2007 19:00;0,00;302,35;99300,00;6,60;204,00;204,00;0,00;579,82;576,10;556,73;556,72;-1,78551784;-10,93723112;-10,93412529;0;0;-10,9;0,0;-0,37;-0,37;0,00;-7,99;97,99;289,86;19,66;1,00;0,000;0,994;0,799;0,922;0,0000;0,0000;0;0,750;0,00;749475,80;749685,5411;11047,70;11049,17683;0;
27/08/2007 20:00;0,00;301,45;99300,00;8,10;204,00;204,00;0,00;564,29;561,04;543,44;543,42;-1,53030513;-9,709545338;-9,702422284;0;0;-9,7;0,0;-0,37;-0,37;0,00;-18,53;108,53;300,51;28,78;0,98;0,000;0,991;0,799;0,922;0,0000;0,0000;0;0,685;0,00;665561,56;666042,9559;10464,64;10468,18096;0;
27/08/2007 21:00;0,00;300,45;99300,00;7,20;204,00;204,00;0,00;550,77;547,91;531,86;531,85;-1,321171072;-8,666163318;-8,660852711;0;0;-8,7;0,0;-0,37;-0,37;0,00;-27,87;117,87;312,99;37,07;0,95;0,000;0,988;0,799;0,922;0,0000;0,0000;0;0,605;0,00;594504,48;594863,4953;9968,47;9971,349718;0;
27/08/2007 22:00;0,00;299,45;99300,00;7,80;204,00;204,00;0,00;538,78;536,23;521,42;521,41;-1,163059266;-7,846244832;-7,842077769;0;0;-7,8;0,0;-0,37;-0,37;0,00;-35,31;125,31;328,01;43,80;0,91;0,000;0,985;0,799;0,922;0,0000;0,0000;0;0,525;0,00;538470,19;538751,8948;9529,01;9531,441141;0;
27/08/2007 23:00;0,00;298,45;99300,00;7,20;204,00;204,00;0,00;528,06;525,77;512,07;512,06;-1,030658283;-7,13931855;-7,136037217;0;0;-7,1;0,0;-0,37;-0,37;0,00;-39,91;129,91;345,78;48,03;0,88;0,000;0,983;0,799;0,922;0,0000;0,0000;0;0,469;0,00;490027,48;490249,2578;9140,43;9142,485651;0;
28/08/2007 0:00;0,00;297,35;99300,00;7,50;204,00;204,00;0,00;518,36;516,28;503,49;503,48;-0,925732178;-6,560139282;-6,55746518;0;0;-6,6;0,0;-0,37;-0,37;0,00;-40,85;130,85;5,18;48,88;0,87;0,000;0,982;0,799;0,922;0,0000;0,0000;0;0,457;0,00;450184,17;450364,8498;8794,43;8796,209825;0;
28/08/2007 1:00;0,00;296,15;99300,00;6,00;204,00;204,00;0,00;509,55;507,66;495,72;495,72;-0,831057737;-6,035230052;-6,03307064;0;0;-6,0;0,0;-0,37;-0,37;0,00;-37,92;127,92;23,96;46,13;0,89;0,000;0,984;0,799;0,922;0,0000;0,0000;0;0,495;0,00;414006,10;414151,9573;8489,76;8491,286844;0;
28/08/2007 2:00;0,00;295,55;99300,00;7,20;204,00;204,00;0,00;501,42;499,68;488,42;488,41;-0,760247089;-5,619033654;-5,617196928;0;0;-5,6;0,0;-0,37;-0,37;0,00;-31,72;121,72;40,33;40,42;0,93;0,000;0,987;0,799;0,922;0,0000;0,0000;0;0,567;0,00;385166,93;385290,9473;8183,58;8184,945959;0;
28/08/2007 3:00;0,00;294,95;99300,00;8,10;204,00;204,00;0,00;493,87;492,25;481,60;481,60;-0,698555851;-5,247863405;-5,246297068;0;0;-5,2;0,0;-0,37;-0,37;0,00;-23,19;113,19;53,96;32,74;0,97;0,000;0,990;0,799;0,922;0,0000;0,0000;0;0,649;0,00;359379,82;359485,5429;7900,27;7901,491522;0;
28/08/2007 4:00;0,00;294,55;99300,00;6,90;204,00;204,00;0,00;486,89;485,39;475,36;475,36;-0,637524936;-4,8891287;-4,887819506;0;0;-4,9;0,0;-0,37;-0,37;0,00;-13,15;103,15;65,40;23,91;0,99;0,000;0,993;0,799;0,922;0,0000;0,0000;0;0,723;0,00;334462,35;334550,689;7633,07;7634,150595;0;
28/08/2007 5:00;0,00;294,45;99300,00;5,70;204,00;204,00;0,00;480,42;479,04;469,56;469,55;-0,582523539;-4,569690077;-4,56858048;0;0;-4,6;0,0;-0,37;-0,37;0,00;-2,20;92,20;75,43;14,56;1,00;0,000;0,996;0,799;0,922;0,0000;0,0000;0;0,773;0,00;312229,39;312304,246;7373,54;7374,50115;0;
28/08/2007 6:00;167,00;295,35;99300,00;5,20;204,00;204,00;0,00;489,92;496,78;526,08;526,08;2,956473845;15,88557722;15,88557722;0;0;15,9;0,0;-0,37;-0,37;0,00;9,25;80,75;84,82;5,12;1,00;0,453;0,999;0,799;0,922;0,7058;0,7058;19,52673263;0,796;1514064,80;445904,09;445904,088;8838,38;8838,379187;0;
28/08/2007 7:00;400,00;296,75;99300,00;3,80;204,00;402,31;-97,21;566,48;666,75;668,24;731,35;50,36340684;86,63980345;100,8944737;0;36,76483193;86,6;0,0;-0,39;-0,39;0,00;20,87;69,13;94,30;4,02;1,00;1,000;0,999;0,799;0,922;0,8480;0,7774;62,78238156;0,797;8021901,30;1185800,11;1687376,556;13677,98;15590,75162;0;
28/08/2007 8:00;681,00;298,45;99300,00;4,00;735,35;731,32;0,55;566,48;666,75;666,45;665,97;181,5437876;180,0370328;179,9688851;133,082;0;47,0;46,5;52,23;-3,18;55,41;32,34;57,66;104,77;12,44;1,00;1,000;0,997;0,799;0,922;0,9092;0,9095;136,1092506;0,780;13338093,25;1178069,39;1175431,314;13574,98;13563,14705;0,305212317;0,307766681
28/08/2007 9:00;854,00;300,15;99300,00;5,00;894,39;893,05;0,15;566,48;666,75;666,49;666,36;220,8074946;219,8860755;219,8656079;133,082;0;86,8;85,4;51,99;-3,41;55,41;43,18;46,82;117,55;19,71;1,00;1,000;0,994;0,799;0,922;0,9242;0,9242;137,7297058;0,749;16031944,11;1182956,70;1182224,712;13513,77;13510,50239;0,250939852;0,2519914
28/08/2007 10:00;785,00;301,65;99300,00;6,60;769,95;769,95;0,00;566,48;666,75;666,49;666,49;190,084582;189,5677503;189,5677503;133,082;0;56,5;55,0;52,18;-3,23;55,41;52,60;37,40;134,67;25,28;0,99;1,000;0,993;0,799;0,922;0,9129;0,9129;135,8382767;0,713;13993447,70;1185772,88;1185772,881;13439,34;13439,33623;0,291498655;0,292293388
28/08/2007 11:00;346,00;302,55;99300,00;6,30;285,73;284,74;0,35;566,48;666,75;666,42;666,14;70,54012326;70,08017011;70,0481625;69,7924;0;0,3;0,0;25,27;-2,37;27,64;59,05;30,95;158,56;28,60;0,98;1,000;0,992;0,799;0,922;0,7956;0,7959;118,8904116;0,687;5933205,41;1179826,41;1178223,155;13381,99;13374,8187;0,391880517;0,394452524
28/08/2007 12:00;878,00;303,55;99300,00;4,70;825,57;825,57;0,00;566,48;666,75;666,63;666,63;203,8160168;203,5522259;203,5522259;133,082;0;70,5;68,6;52,10;-3,31;55,41;60,42;29,58;188,03;29,26;0,98;1,000;0,991;0,799;0,922;0,9189;0,9189;136,5260847;0,681;14928723,49;1178213,10;1178213,102;13363,98;13363,97768;0,271859891;0,272212204
28/08/2007 13:00;389,00;303,75;99300,00;4,70;338,41;336,61;0,53;566,48;666,75;666,46;666,02;83,54647308;82,89902973;82,84777792;82,6607;0;0,2;0,0;30,84;-2,48;33,32;56,07;33,93;215,11;27,17;0,98;1,000;0,992;0,799;0,922;0,8225;0,8229;123,0791419;0,698;6788028,57;1172268,39;1169789,207;13328,29;13317,14069;0,398811569;0,401926296
28/08/2007 14:00;612,00;304,05;99300,00;5,00;604,78;602,77;0,33;566,48;666,75;666,47;666,18;149,3067634;148,4031896;148,3648135;133,082;0;15,3;14,6;52,40;-3,01;55,41;47,76;42,24;235,12;22,61;0,99;1,000;0,994;0,799;0,922;0,8922;0,8924;133,2417201;0,732;11205706,68;1174921,45;1173333,86;13323,74;13316,63376;0,371111119;0,373370681
28/08/2007 15:00;7,00;303,65;99300,00;4,00;204,00;204,00;0,00;598,12;593,79;572,28;572,28;-2,118407347;-12,47879719;-12,47880308;0;0;-12,5;0,0;-0,37;-0,37;0,00;37,43;52,57;249,58;16,08;1,00;1,000;0,996;0,799;0,922;0,0000;0,0000;-157,1952021;0,768;134762,85;854775,37;854774,9753;11720,28;11720,2816;0;
28/08/2007 16:00;3,00;302,65;99300,00;3,80;204,00;204,00;0,00;580,27;576,57;557,29;557,29;-1,773079826;-10,88230939;-10,88237913;0;0;-10,9;0,0;-0,37;-0,37;0,00;26,17;63,83;260,91;8,15;1,00;1,000;0,998;0,799;0,922;0,0000;0,0000;-297,3232678;0,791;59634,75;746002,64;745997,9259;11058,28;11058,24173;0;
28/08/2007 17:00;206,00;301,85;99300,00;4,00;204,00;204,00;0,00;604,61;625,87;653,96;653,96;10,64629879;25,15319928;25,15319928;0;0;25,2;0,0;-0,37;-0,37;0,00;14,57;75,43;270,71;0,68;1,00;0,708;1,000;0,799;0,922;0,5730;0,5730;36,26586116;0,799;2935625,53;1243499,90;1243499,904;13831,70;13831,69543;0;
28/08/2007 18:00;279,00;300,85;99300,00;3,00;204,00;204,00;0,00;596,63;592,28;571,03;571,03;-2,12328436;-12,34574315;-12,34571997;0;0;-12,3;0,0;-0,37;-0,37;0,00;2,98;87,02;280,02;10,01;1,00;0,146;0,997;0,799;0,922;0,0000;0,0000;-26,32619715;0,787;806529,08;845693,38;845694,9427;11782,74;11782,75336;0;
28/08/2007 19:00;0,00;299,55;99300,00;3,60;204,00;204,00;0,00;578,83;575,14;556,01;556,01;-1,765105568;-10,79126089;-10,78824004;0;0;-10,8;0,0;-0,37;-0,37;0,00;-8,28;98,28;289,64;19,43;1,00;0,000;0,995;0,799;0,922;0,0000;0,0000;0;0,751;0,00;739576,69;739780,6983;11132,39;11133,84829;0;
28/08/2007 20:00;0,00;298,25;99300,00;4,30;204,00;204,00;0,00;563,46;560,24;542,88;542,87;-1,513213947;-9,571968766;-9,565145894;0;0;-9,6;0,0;-0,37;-0,37;0,00;-18,84;108,84;300,31;28,54;0,98;0,000;0,992;0,799;0,922;0,0000;0,0000;0;0,687;0,00;656246,00;656707,1204;10573,62;10577,0702;0;
28/08/2007 21:00;0,00;296,95;99300,00;4,30;204,00;204,00;0,00;550,02;547,18;531,30;531,29;-1,313012896;-8,576938181;-8,571773195;0;0;-8,6;0,0;-0,37;-0,37;0,00;-28,20;118,20;312,82;36,80;0,95;0,000;0,988;0,799;0,922;0,0000;0,0000;0;0,608;0,00;588443,21;588792,3828;10091,88;10094,71941;0;
28/08/2007 22:00;0,00;295,65;99300,00;2,10;204,00;204,00;0,00;538,25;535,75;521,14;521,13;-1,140419501;-7,730439968;-7,726520728;0;0;-7,7;0,0;-0,37;-0,37;0,00;-35,66;125,66;327,91;43,50;0,91;0,000;0,985;0,799;0,922;0,0000;0,0000;0;0,529;0,00;530625,52;530890,4671;9676,48;9678,807485;0;
28/08/2007 23:00;0,00;294,35;99300,00;2,20;204,00;204,00;0,00;527,70;525,44;511,87;511,86;-1,015790412;-7,063683945;-7,060541628;0;0;-7,1;0,0;-0,37;-0,37;0,00;-40,27;130,27;345,78;47,70;0,88;0,000;0,983;0,799;0,922;0,0000;0,0000;0;0,474;0,00;484898,61;485110,9897;9306,01;9308,009693;0;
29/08/2007 0:00;0,00;293,35;99300,00;3,20;204,00;204,00;0,00;518,08;516,02;503,33;503,32;-0,917852166;-6,506169759;-6,503587019;0;0;-6,5;0,0;-0,37;-0,37;0,00;-41,19;131,19;5,31;48,53;0,87;0,000;0,982;0,799;0,922;0,0000;0,0000;0;0,462;0,00;446521,38;446695,8806;8958,48;8960,225456;0;
29/08/2007 1:00;0,00;292,25;99300,00;3,00;204,00;204,00;0,00;509,31;507,42;495,53;495,52;-0,828601545;-6,012939743;-6,010818675;0;0;-6,0;0,0;-0,37;-0,37;0,00;-38,23;128,23;24,19;45,77;0,90;0,000;0,984;0,799;0,922;0,0000;0,0000;0;0,500;0,00;412481,27;412624,5282;8649,20;8650,717426;0;
29/08/2007 2:00;0,00;291,65;99300,00;2,60;204,00;204,00;0,00;501,27;499,55;488,36;488,35;-0,750953744;-5,57995036;-5,578190919;0;0;-5,6;0,0;-0,37;-0,37;0,00;-31,98;121,98;40,62;40,08;0,93;0,000;0,987;0,799;0,922;0,0000;0,0000;0;0,571;0,00;382518,83;382637,6207;8348,04;8349,364366;0;
29/08/2007 3:00;0,00;291,05;99300,00;1,70;204,00;204,00;0,00;493,90;492,32;481,76;481,76;-0,681325679;-5,197863719;-5,196394674;0;0;-5,2;0,0;-0,37;-0,37;0,00;-23,41;113,41;54,27;32,41;0,97;0,000;0,990;0,799;0,922;0,0000;0,0000;0;0,652;0,00;356015,33;356114,4896;8073,48;8074,652252;0;
29/08/2007 4:00;0,00;290,65;99300,00;1,10;204,00;204,00;0,00;487,11;485,65;475,64;475,64;-0,621023401;-4,864625512;-4,863382406;0;0;-4,9;0,0;-0,37;-0,37;0,00;-13,34;103,34;65,71;23,59;0,99;0,000;0,993;0,799;0,922;0,0000;0,0000;0;0,725;0,00;332837,02;332920,8999;7813,05;7814,088459;0;
29/08/2007 5:00;8,00;290,65;99300,00;1,60;204,00;204,00;0,00;480,73;479,37;469,86;469,86;-0,576397242;-4,574254247;-4,573172112;0;0;-4,6;0,0;-0,37;-0,37;0,00;-2,37;92,37;75,75;14,24;1,00;0,000;0,996;0,799;0,922;0,0000;0,0000;0;0,774;0,00;312573,05;312646,0571;7551,46;7552,401644;0;
29/08/2007 6:00;341,00;291,85;99300,00;1,50;204,00;204,00;0,00;503,47;519,50;581,06;581,06;7,070670488;35,58831453;35,58831453;0;0;35,6;0,0;-0,37;-0,37;0,00;9,09;80,91;85,14;4,80;1,00;0,445;0,999;0,799;0,922;0,7888;0,7888;23,26078386;0,796;3039738,70;629853,67;629853,6678;10573,96;10573,96272;0;
29/08/2007 7:00;628,00;293,75;99300,00;0,90;410,07;669,53;-63,27;566,48;666,75;668,26;716,45;101,2388416;156,6690462;167,9427502;81,1764;51,5489298;75,5;0,0;30,14;-2,53;32,67;20,71;69,29;94,64;4,34;1,00;0,996;0,999;0,799;0,922;0,9030;0,8734;80,73984634;0,797;12538894,51;1182639,21;1509994,349;13820,58;15136,34481;0,322669634;0,208507684
29/08/2007 8:00;723,00;295,65;99300,00;1,80;783,66;779,56;0,52;566,48;666,75;666,49;666,03;193,4692992;191,9922905;191,9256693;133,082;0;58,9;58,3;52,16;-3,25;55,41;32,16;57,84;105,15;12,78;1,00;1,000;0,996;0,799;0,922;0,9146;0,9148;136,8175456;0,779;14140678,98;1175117,65;1172606,335;13700,58;13689,2686;0,286398929;0,288602213
29/08/2007 9:00;826,00;297,55;99300,00;2,80;860,03;860,03;0,00;566,48;666,75;666,40;666,40;212,3224949;211,5260093;211,5260093;133,082;0;78,4;77,0;52,05;-3,36;55,41;42,98;47,02;117,95;20,06;1,00;1,000;0,994;0,799;0,922;0,9218;0,9218;137,3094051;0,747;15463070,04;1176921,82;1176921,822;13621,33;13621,32784;0,260968109;0,261950765
29/08/2007 10:00;863,00;299,25;99300,00;3,60;849,82;849,82;0,00;566,48;666,75;666,58;666,58;209,8043246;209,422444;209,422444;133,082;0;76,3;74,5;52,07;-3,34;55,41;52,35;37,65;135,09;25,64;0,99;1,000;0,993;0,799;0,922;0,9210;0,9210;136,9112463;0,710;15324111,80;1178525,71;1178525,707;13551,07;13551,06514;0,264100371;0,264581957
29/08/2007 11:00;881,00;300,75;99300,00;5,20;831,04;831,04;0,00;566,48;666,75;666,72;666,72;205,1662004;205,0948433;205,0948433;133,082;0;72,0;69,9;52,09;-3,32;55,41;58,73;31,27;158,90;28,96;0,98;1,000;0,991;0,799;0,922;0,9191;0,9191;136,4300553;0,684;15038196,68;1183360,81;1183360,806;13487,97;13487,97239;0,270070801;0,270164764
29/08/2007 12:00;878,00;301,85;99300,00;5,00;820,78;820,78;0,00;566,48;666,75;666,68;666,68;202,6344517;202,4902386;202,4902386;133,082;0;69,4;67,4;52,11;-3,30;55,41;60,06;29,94;188,09;29,61;0,98;1,000;0,991;0,799;0,922;0,9183;0,9183;136,3590939;0,678;14860354,82;1181198,35;1181198,347;13438,62;13438,61675;0,27344511;0,273639857
29/08/2007 13:00;874,00;302,55;99300,00;5,70;842,53;842,53;0,00;566,48;666,75;666,48;666,48;208,0025984;207,4046049;207,4046049;133,082;0;74,3;72,7;52,08;-3,33;55,41;55,72;34,28;214,95;27,50;0,98;1,000;0,992;0,799;0,922;0,9200;0,9200;136,9155447;0,696;15192036,73;1182467,78;1182467,78;13405,04;13405,04022;0,266388018;0,267156074
29/08/2007 14:00;847,00;302,85;99300,00;4,30;860,76;859,43;0,15;566,48;666,75;666,47;666,33;212,5037044;211,5606549;211,5400602;133,082;0;78,5;77,2;52,05;-3,36;55,41;47,45;42,55;234,86;22,91;0,99;1,000;0,993;0,799;0,922;0,9218;0,9218;137,4094804;0,730;15464995,85;1177056,09;1176308,721;13393,37;13390,03155;0,260745572;0,261907868
29/08/2007 15:00;796,00;302,85;99300,00;3,60;852,29;850,81;0,17;566,48;666,75;666,36;666,21;210,4128824;209,2007434;209,1778306;133,082;0;76,1;75,1;52,06;-3,35;55,41;37,14;52,86;249,32;16,35;1,00;1,000;0,995;0,799;0,922;0,9211;0,9212;137,5052071;0,767;15302175,59;1174098,46;1173262,396;13390,54;13386,79561;0,263336538;0,264862348
29/08/2007 16:00;702,00;302,25;99300,00;4,50;773,76;767,78;0,77;566,48;666,75;666,47;665,79;191,0246989;189,0776305;188,9796794;133,082;0;56,0;55,9;52,18;-3,23;55,41;25,89;64,11;260,65;8,40;1,00;1,000;0,998;0,799;0,922;0,9132;0,9135;136,9864635;0,790;13944786,52;1177214,14;1173485,581;13413,86;13397,16669;0,290064061;0,29305106
29/08/2007 17:00;509,00;301,05;99300,00;4,30;317,67;348,72;-9,78;566,48;666,75;668,32;676,35;78,42569962;86,47704302;87,52438393;77,5942;1,957292709;8,9;0,0;28,65;-2,43;31,09;14,29;75,71;270,47;0,45;1,00;0,695;1,000;0,799;0,922;0,8289;0,8213;110,1593878;0,799;7119293,35;1184161,85;1231128,347;13494,22;13700,47202;0,396419798;0,359511599
29/08/2007 18:00;94,00;299,55;99300,00;5,20;204,00;204,00;0,00;597,76;593,35;571,79;571,79;-2,159086001;-12,53888316;-12,53880195;0;0;-12,5;0,0;-0,37;-0,37;0,00;2,70;87,30;279,79;9,78;1,00;0,132;0,997;0,799;0,922;0,0000;0,0000;-87,67661192;0,787;246255,64;858795,40;858800,8804;11879,28;11879,311;0;
29/08/2007 19:00;0,00;298,45;99300,00;3,80;204,00;204,00;0,00;579,71;575,97;556,72;556,71;-1,79004353;-10,88377148;-10,8807068;0;0;-10,9;0,0;-0,37;-0,37;0,00;-8,57;98,57;289,43;19,20;1,00;0,000;0,995;0,799;0,922;0,0000;0,0000;0;0,752;0,00;745862,77;746069,7293;11214,03;11215,50202;0;
29/08/2007 20:00;0,00;297,35;99300,00;2,20;204,00;204,00;0,00;564,31;561,08;543,69;543,67;-1,515282097;-9,600887073;-9,594093157;0;0;-9,6;0,0;-0,37;-0,37;0,00;-19,15;109,15;300,12;28,29;0,98;0,000;0,992;0,799;0,922;0,0000;0,0000;0;0,689;0,00;658241,11;658700,2532;10648,36;10651,79954;0;
29/08/2007 21:00;0,00;296,25;99300,00;1,90;204,00;204,00;0,00;550,91;548,07;532,15;532,14;-1,310286206;-8,599774339;-8,594635523;0;0;-8,6;0,0;-0,37;-0,37;0,00;-28,54;118,54;312,66;36,54;0,95;0,000;0,989;0,799;0,922;0,0000;0,0000;0;0,610;0,00;590035,12;590382,5187;10159,73;10162,55522;0;
29/08/2007 22:00;0,00;295,15;99300,00;1,90;204,00;204,00;0,00;539,04;536,52;521,83;521,82;-1,151579394;-7,785541394;-7,781540445;0;0;-7,8;0,0;-0,37;-0,37;0,00;-36,01;126,01;327,81;43,20;0,91;0,000;0,985;0,799;0,922;0,0000;0,0000;0;0,533;0,00;534394,16;534664,6294;9730,00;9732,362768;0;
29/08/2007 23:00;0,00;294,05;99300,00;1,90;204,00;204,00;0,00;528,42;526,15;512,50;512,50;-1,023007825;-7,107251879;-7,104068053;0;0;-7,1;0,0;-0,37;-0,37;0,00;-40,63;130,63;345,79;47,36;0,88;0,000;0,983;0,799;0,922;0,0000;0,0000;0;0,478;0,00;487892,36;488107,5454;9348,26;9350,278559;0;
30/08/2007 0:00;0,00;293,45;99300,00;1,90;204,00;204,00;0,00;518,83;516,77;504,04;504,03;-0,915146859;-6,529547915;-6,526972664;0;0;-6,5;0,0;-0,37;-0,37;0,00;-41,54;131,54;5,44;48,17;0,88;0,000;0,983;0,799;0,922;0,0000;0,0000;0;0,467;0,00;448161,98;448335,9861;8985,47;8987,203746;0;
30/08/2007 1:00;0,00;292,75;99300,00;1,80;204,00;204,00;0,00;510,10;508,22;496,28;496,28;-0,825465211;-6,035007776;-6,032891111;0;0;-6,0;0,0;-0,37;-0,37;0,00;-38,54;128,54;24,42;45,41;0,90;0,000;0,984;0,799;0,922;0,0000;0,0000;0;0,504;0,00;414042,74;414185,7057;8660,90;8662,411925;0;
30/08/2007 2:00;0,00;292,45;99300,00;2,60;204,00;204,00;0,00;502,04;500,31;489,06;489,06;-0,754740382;-5,612025148;-5,610240293;0;0;-5,6;0,0;-0,37;-0,37;0,00;-32,25;122,25;40,91;39,73;0,94;0,000;0,987;0,799;0,922;0,0000;0,0000;0;0,575;0,00;384756,45;384876,962;8345,13;8346,466866;0;
30/08/2007 3:00;0,00;292,05;99300,00;3,80;204,00;204,00;0,00;494,52;492,91;482,28;482,28;-0,696553907;-5,243805187;-5,24227339;0;0;-5,2;0,0;-0,37;-0,37;0,00;-23,64;113,64;54,58;32,07;0,97;0,000;0,990;0,799;0,922;0,0000;0,0000;0;0,656;0,00;359174,75;359278,1398;8054,63;8055,838593;0;
30/08/2007 4:00;0,00;291,85;99300,00;4,00;204,00;204,00;0,00;487,53;486,03;475,98;475,97;-0,6397725;-4,905138754;-4,90383377;0;0;-4,9;0,0;-0,37;-0,37;0,00;-13,53;103,53;66,03;23,27;0,99;0,000;0,993;0,799;0,922;0,0000;0,0000;0;0,727;0,00;335611,07;335699,1271;7777,20;7778,282406;0;
30/08/2007 5:00;8,00;291,85;99300,00;3,40;204,00;204,00;0,00;481,04;479,66;470,12;470,12;-0,585970043;-4,59503029;-4,593918731;0;0;-4,6;0,0;-0,37;-0,37;0,00;-2,54;92,54;76,07;13,92;1,00;0,000;0,996;0,799;0,922;0,0000;0,0000;0;0,776;0,00;314006,00;314080,9902;7511,69;7512,6538;0;
30/08/2007 6:00;260,00;292,95;99300,00;3,20;204,00;204,00;0,00;496,36;507,23;553,90;553,90;4,73559675;25,83444409;25,83444409;0;0;25,8;0,0;-0,37;-0,37;0,00;8,93;81,07;85,47;4,47;1,00;0,437;0,999;0,799;0,922;0,7641;0,7641;20,78953551;0,797;2277875,21;532073,39;532073,392;9734,13;9734,127981;0;
30/08/2007 7:00;562,00;294,75;99300,00;2,40;303,25;586,19;-93,30;566,48;666,75;668,25;732,22;74,86742618;129,5544833;147,0210542;55,0846;55,71257969;74,5;0,0;19,28;-1,85;21,12;20,55;69,45;94,99;4,67;1,00;0,989;0,999;0,799;0,922;0,8905;0,8396;67,26122411;0,796;11130845,03;1185018,09;1685715,697;13771,85;15677,78706;0,28214273;0,163045689
30/08/2007 8:00;753,00;296,75;99300,00;2,60;817,60;814,59;0,37;566,48;666,75;666,37;666,05;201,8476469;200,3480503;200,3004099;133,082;0;67,3;66,6;52,11;-3,30;55,41;31,99;58,01;105,52;13,12;1,00;1,000;0,996;0,799;0,922;0,9178;0,9180;137,2564847;0,778;14705873,27;1176337,39;1174568,74;13652,57;13644,62061;0,274511003;0,276565706
30/08/2007 9:00;821,00;298,75;99300,00;2,20;852,11;852,11;0,00;566,48;666,75;666,37;666,37;210,3694316;209,5294763;209,5294763;133,082;0;76,4;75,1;52,06;-3,35;55,41;42,77;47,23;118,37;20,41;1,00;1,000;0,994;0,799;0,922;0,9213;0,9213;137,2690176;0,745;15325339,63;1173851,41;1173851,408;13568,12;13568,1212;0,263390929;0,264446802
30/08/2007 10:00;858,00;300,45;99300,00;1,70;841,59;841,59;0,00;566,48;666,75;666,54;666,54;207,7712724;207,3116475;207,3116475;133,082;0;74,2;72,5;52,08;-3,33;55,41;52,09;37,91;135,52;26,00;0,99;1,000;0,992;0,799;0,922;0,9207;0,9207;136,9205642;0,708;15174584,88;1171587,45;1171587,449;13497,40;13497,4012;0,266684606;0,267275865
30/08/2007 11:00;876,00;301,95;99300,00;2,10;822,58;822,58;0,00;566,48;666,75;666,70;666,70;203,0778472;202,964532;202,964532;133,082;0;69,9;67,8;52,11;-3,30;55,41;58,41;31,59;159,23;29,32;0,98;1,000;0,991;0,799;0,922;0,9191;0,9191;136,4523551;0,680;14882692,72;1171871,25;1171871,25;13434,64;13434,63708;0,272848077;0,273000408
30/08/2007 12:00;677,00;302,95;99300,00;2,20;614,48;614,48;0,00;566,48;666,75;666,58;666,58;151,7022347;151,4245373;151,4245373;133,082;0;18,3;17,0;52,38;-3,02;55,41;59,70;30,30;188,16;29,96;0,97;1,000;0,991;0,799;0,922;0,8948;0,8948;133,0173015;0,675;11404699,46;1167598,69;1167598,694;13373,88;13373,88331;0,365251047;0,36592088
30/08/2007 13:00;386,00;303,45;99300,00;2,10;332,59;330,80;0,54;566,48;666,75;666,45;666,01;82,10864719;81,46208586;81,4108897;81,2383;0;0,2;0,0;30,23;-2,47;32,69;55,36;34,64;214,78;27,83;0,98;1,000;0,992;0,799;0,922;0,8210;0,8214;122,863519;0,693;6682915,15;1164338,10;1161855,845;13340,78;13329,5426;0,398179743;0,401340079
30/08/2007 14:00;500,00;303,65;99300,00;2,40;478,73;477,02;0,36;566,48;666,75;666,39;666,09;118,1895844;117,3549854;117,3168884;116,937;0;0,4;0,0;45,51;-2,79;48,30;47,12;42,88;234,61;23,21;0,99;1,000;0,993;0,799;0,922;0,8685;0,8687;129,8344451;0,728;9103099,28;1165112,42;1163423,296;13332,58;13324,95156;0,408671375;0,411577743
30/08/2007 15:00;250,00;303,45;99300,00;2,60;220,09;216,96;1,42;566,48;666,75;666,37;665,25;54,33495647;53,46684293;53,34402527;53,7589;0;-0,3;0,0;18,75;-1,79;20,54;36,84;53,16;249,05;16,63;1,00;1,000;0,995;0,799;0,922;0,7492;0,7507;113,2446761;0,765;4798014,21;1167822,84;1161411,653;13351,69;13322,61064;0,377948218;0,384084769
30/08/2007 16:00;48,00;302,45;99300,00;3,40;204,00;204,00;0,00;566,48;666,75;573,25;573,25;50,36340684;3,212131174;3,212131174;0;0;3,2;0,0;-0,37;-0,37;0,00;25,61;64,39;260,40;8,65;1,00;1,000;0,998;0,799;0,922;0,2164;0,2164;528,5816097;0,790;952802,86;755501,54;755501,5416;11138,34;11138,33938;0;
30/08/2007 17:00;17,00;301,15;99300,00;3,20;204,00;204,00;0,00;598,03;593,67;572,19;572,19;-2,129430862;-12,47810472;-12,47796424;0;0;-12,5;0,0;-0,37;-0,37;0,00;14,01;75,99;270,22;0,22;1,00;0,682;1,000;0,799;0,922;0,0000;0,0000;-91,30070603;0,799;233232,68;854712,02;854721,4902;11824,51;11824,57495;0;
30/08/2007 18:00;9,00;299,85;99300,00;1,70;204,00;204,00;0,00;580,19;576,49;557,26;557,26;-1,770025284;-10,85725366;-10,85732212;0;0;-10,9;0,0;-0,37;-0,37;0,00;2,41;87,59;279,56;9,55;1,00;0,118;0,997;0,799;0,922;0,0000;0,0000;-838,5060489;0,788;21109,27;744306,73;744302,1107;11177,28;11177,24468;0;
30/08/2007 19:00;0,00;299,15;99300,00;0,90;204,00;204,00;0,00;564,97;561,78;544,36;544,34;-1,499573774;-9,603415541;-9,596685624;0;0;-9,6;0,0;-0,37;-0,37;0,00;-8,87;98,87;289,21;18,97;1,00;0,000;0,995;0,799;0,922;0,0000;0,0000;0;0,754;0,00;658446,28;658901,0917;10599,08;10602,48253;0;
30/08/2007 20:00;0,00;298,45;99300,00;0,80;204,00;204,00;0,00;551,72;548,92;532,95;532,94;-1,296315543;-8,612102219;-8,607006026;0;0;-8,6;0,0;-0,37;-0,37;0,00;-19,46;109,46;299,92;28,05;0,98;0,000;0,992;0,799;0,922;0,0000;0,0000;0;0,691;0,00;590913,51;591258,0276;10099,34;10102,13459;0;
30/08/2007 21:00;0,00;297,75;99300,00;0,90;204,00;204,00;0,00;539,99;537,50;522,76;522,75;-1,139234129;-7,802887887;-7,798914201;0;0;-7,8;0,0;-0,37;-0,37;0,00;-28,87;118,87;312,50;36,27;0,95;0,000;0,989;0,799;0,922;0,0000;0,0000;0;0,613;0,00;535626,93;535895,5584;9658,10;9660,44725;0;
30/08/2007 22:00;0,00;296,95;99300,00;0,80;204,00;204,00;0,00;529,52;527,28;513,58;513,58;-1,010426057;-7,12684968;-7,12369171;0;0;-7,1;0,0;-0,37;-0,37;0,00;-36,37;126,37;327,71;42,90;0,92;0,000;0,986;0,799;0,922;0,0000;0,0000;0;0,537;0,00;489296,89;489510,3386;9269,73;9271,723446;0;
30/08/2007 23:00;0,00;296,25;99300,00;0,60;204,00;204,00;0,00;520,09;518,06;505,26;505,26;-0,902765604;-6,55416812;-6,551616527;0;0;-6,6;0,0;-0,37;-0,37;0,00;-41,00;131,00;345,79;47,03;0,89;0,000;0,983;0,799;0,922;0,0000;0,0000;0;0,483;0,00;449928,07;450100,4827;8917,87;8919,580192;0;
31/08/2007 0:00;0,00;295,85;99300,00;0,30;204,00;204,00;0,00;511,55;509,72;497,70;497,69;-0,809329143;-6,062086063;-6,05999981;0;0;-6,1;0,0;-0,37;-0,37;0,00;-41,89;131,89;5,58;47,80;0,88;0,000;0,983;0,799;0,922;0,0000;0,0000;0;0,472;0,00;416002,02;416142,9419;8588,65;8590,132026;0;
31/08/2007 1:00;0,00;295,45;99300,00;0,60;204,00;204,00;0,00;503,69;501,99;490,67;490,66;-0,74015232;-5,641188832;-5,63943123;0;0;-5,6;0,0;-0,37;-0,37;0,00;-38,85;128,85;24,67;45,05;0,90;0,000;0,984;0,799;0,922;0,0000;0,0000;0;0,509;0,00;386883,55;387002,237;8285,29;8286,607825;0;
31/08/2007 2:00;0,00;295,35;99300,00;0,70;204,00;204,00;0,00;496,41;494,84;484,14;484,14;-0,677459437;-5,266221676;-5,264732745;0;0;-5,3;0,0;-0,37;-0,37;0,00;-32,52;122,52;41,21;39,37;0,94;0,000;0,987;0,799;0,922;0,0000;0,0000;0;0,579;0,00;360880,13;360980,6398;7992,59;7993,753589;0;
31/08/2007 3:00;0,00;295,15;99300,00;1,10;204,00;204,00;0,00;489,61;488,15;478,02;478,01;-0,62562269;-4,937493233;-4,93621023;0;0;-4,9;0,0;-0,37;-0,37;0,00;-23,86;113,86;54,89;31,73;0,97;0,000;0,990;0,799;0,922;0,0000;0,0000;0;0,659;0,00;338014,16;338100,7428;7723,16;7724,212794;0;
31/08/2007 4:00;0,00;295,05;99300,00;1,10;204,00;204,00;0,00;483,27;481,92;472,29;472,28;-0,576621066;-4,639405749;-4,63830038;0;0;-4,6;0,0;-0,37;-0,37;0,00;-13,73;103,73;66,35;22,94;0,99;0,000;0,993;0,799;0,922;0,0000;0,0000;0;0,729;0,00;317241,47;317316,0492;7467,81;7468,762257;0;
31/08/2007 5:00;0,00;295,05;99300,00;1,60;204,00;204,00;0,00;477,30;476,02;466,85;466,85;-0,537032546;-4,374605831;-4,373635942;0;0;-4,4;0,0;-0,37;-0,37;0,00;-2,71;92,71;76,39;13,59;1,00;0,000;0,996;0,799;0,922;0,0000;0,0000;0;0,777;0,00;298737,35;298802,7748;7222,37;7223,242664;0;
31/08/2007 6:00;0,00;295,85;99300,00;1,30;204,00;204,00;0,00;471,71;470,53;461,80;461,80;-0,494470434;-4,121217806;-4,121244443;0;0;-4,1;0,0;-0,37;-0,37;0,00;8,77;81,23;85,80;4,15;1,00;0,429;0,999;0,799;0,922;0,0000;0,0000;0;0,797;0,00;281096,29;281094,491;6959,85;6959,820735;0;
31/08/2007 7:00;0,00;296,45;99300,00;2,20;204,00;204,00;0,00;466,40;465,28;456,95;456,95;-0,465128867;-3,901943163;-3,901966269;0;0;-3,9;0,0;-0,37;-0,37;0,00;20,39;69,61;95,34;5,01;1,00;0,981;0,999;0,799;0,922;0,0000;0,0000;0;0,796;0,00;265714,70;265713,143;6715,29;6715,263586;0;
31/08/2007 8:00;46,00;297,85;99300,00;4,50;204,00;204,00;0,00;479,07;487,79;497,92;497,92;3,70839252;8,073602707;8,073602707;0;0;8,1;0,0;-0,37;-0,37;0,00;31,81;58,19;105,90;13,46;1,00;1,000;0,996;0,799;0,922;0,6035;0,6035;41,34184383;0,777;897007,05;359818,96;359818,9628;7849,50;7849,500054;0;
31/08/2007 9:00;539,00;300,35;99300,00;3,80;204,23;521,07;-155,14;566,48;666,75;668,28;751,63;50,42018911;98,97571061;130,735277;30,8965;57,91175177;68,1;0,0;8,88;-1,65;10,53;42,57;47,43;118,78;20,77;0,99;1,000;0,994;0,799;0,922;0,8787;0,7755;50,26133158;0,743;10031606,31;1183294,03;2105238,131;13525,39;16654,28925;0,20880723;0,106370542
31/08/2007 10:00;856,00;302,55;99300,00;6,00;835,00;835,00;0,00;566,48;666,75;666,54;666,54;206,1450774;205,67638;205,67638;133,082;0;72,6;70,9;52,09;-3,32;55,41;51,83;38,17;135,94;26,36;0,98;1,000;0,992;0,799;0,922;0,9193;0,9193;136,7255337;0,705;15077291,85;1183854,80;1183854,799;13406,05;13406,05216;0,268788373;0,269400891
31/08/2007 11:00;874,00;304,45;99300,00;8,10;815,26;815,26;0,00;566,48;666,75;666,68;666,68;201,2716772;201,1117486;201,1117486;133,082;0;68,0;66,1;52,12;-3,29;55,41;58,09;31,91;159,55;29,69;0,98;1,000;0,991;0,799;0,922;0,9172;0,9172;136,202758;0,677;14777356,94;1190537,81;1190537,812;13325,64;13325,63636;0,275296558;0,27551548
31/08/2007 12:00;767,00;305,85;99300,00;10,00;700,43;700,43;0,00;566,48;666,75;666,57;666,57;172,9220167;172,5919077;172,5919077;133,082;0;39,5;38,0;52,28;-3,13;55,41;59,33;30,67;188,23;30,32;0,97;1,000;0,991;0,799;0,922;0,9045;0,9045;134,4763061;0,672;12858920,79;1194152,52;1194152,521;13254,29;13254,28824;0,320429989;0,321042862
31/08/2007 13:00;462,00;306,55;99300,00;10,20;408,59;406,44;0,53;566,48;666,75;666,47;666,03;100,871485;100,0998712;100,0456343;99,8022;0;0,3;0,0;38,19;-2,63;40,82;55,01;34,99;214,62;28,16;0,98;1,000;0,992;0,799;0,922;0,8463;0,8467;126,6223864;0,690;7966323,17;1190682,29;1188160,224;13207,71;13196,57545;0,404656479;0,40777575
31/08/2007 14:00;311,00;306,95;99300,00;9,40;270,05;266,56;1,29;566,48;666,75;666,46;665,43;66,67004108;65,73554369;65,60736076;65,9632;0;-0,2;0,0;24,06;-1,89;25,95;46,80;43,20;234,36;23,51;0,99;1,000;0,993;0,799;0,922;0,7832;0,7845;118,0929712;0,726;5645555,40;1188252,92;1182316,218;13195,78;13169,39623;0,389191301;0,394724049
31/08/2007 15:00;158,00;306,85;99300,00;9,40;204,00;204,00;0,00;566,48;666,75;628,08;628,08;50,36340684;30,19921241;30,19921241;27,5554;0;2,6;0,0;7,51;-1,59;9,10;36,54;53,46;248,79;16,90;1,00;1,000;0,995;0,799;0,922;0,6681;0,6681;166,3829526;0,764;3026957,15;991505,99;991505,9914;12259,79;12259,78946;0,180755842;0,301447597
31/08/2007 16:00;229,00;306,25;99300,00;8,60;205,24;204,00;0,60;566,48;666,75;664,93;664,47;50,66879671;49,44255685;49,39172364;50,1315;0;-0,7;0,0;17,17;-1,76;18,93;25,32;64,68;260,14;8,90;1,00;1,000;0,998;0,799;0,922;0,7325;0,7331;111,5490509;0,789;4542288,46;1179623,08;1176922,004;13199,52;13187,43414;0,373604688;0,382870572
31/08/2007 17:00;28,00;305,15;99300,00;11,70;204,00;204,00;0,00;597,84;593,44;571,49;571,49;-2,150963278;-12,71740445;-12,71728131;0;0;-12,7;0,0;-0,37;-0,37;0,00;13,73;76,27;269,98;0,02;1,00;0,668;1,000;0,799;0,922;0,0000;0,0000;-57,12026557;0,799;376567,45;870837,42;870845,7205;11631,39;11631,43905;0;
31/08/2007 18:00;6,00;303,95;99300,00;8,60;204,00;204,00;0,00;579,82;576,09;556,62;556,62;-1,786467387;-10,98198859;-10,98206031;0;0;-11,0;0,0;-0,37;-0,37;0,00;2,12;87,88;279,33;9,33;1,00;0,104;0,997;0,799;0,922;0,0000;0,0000;-1439,693896;0,788;12408,66;752712,69;752707,846;10977,50;10977,46876;0;
31/08/2007 19:00;0,00;302,55;99300,00;9,40;204,00;204,00;0,00;564,29;561,04;543,38;543,37;-1,530301316;-9,73353646;-9,726373081;0;0;-9,7;0,0;-0,37;-0,37;0,00;-9,16;99,16;288,99;18,74;1,00;0,000;0,995;0,799;0,922;0,0000;0,0000;0;0,755;0,00;667180,13;667664,253;10415,71;10419,2577;0;
31/08/2007 20:00;0,00;301,15;99300,00;10,00;204,00;204,00;0,00;550,69;547,82;531,66;531,64;-1,329370038;-8,724533421;-8,719083563;0;0;-8,7;0,0;-0,37;-0,37;0,00;-19,78;109,78;299,72;27,81;0,98;0,000;0,992;0,799;0,922;0,0000;0,0000;0;0,693;0,00;598436,93;598805,3611;9931,73;9934,655584;0;
31/08/2007 21:00;0,00;299,75;99300,00;10,50;204,00;204,00;0,00;538,61;536,04;521,14;521,13;-1,171030435;-7,894931457;-7,890675174;0;0;-7,9;0,0;-0,37;-0,37;0,00;-29,21;119,21;312,33;36,00;0,95;0,000;0,989;0,799;0,922;0,0000;0,0000;0;0,616;0,00;541745,26;542032,9964;9506,35;9508,814756;0;
31/08/2007 22:00;0,00;298,35;99300,00;7,80;204,00;204,00;0,00;527,88;525,58;511,87;511,87;-1,031319732;-7,141522486;-7,138248885;0;0;-7,1;0,0;-0,37;-0,37;0,00;-36,73;126,73;327,61;42,60;0,92;0,000;0,986;0,799;0,922;0,0000;0,0000;0;0,540;0,00;490163,52;490384,7717;9136,53;9138,570805;0;
31/08/2007 23:00;0,00;297,05;99300,00;7,50;204,00;204,00;0,00;518,17;516,09;503,32;503,31;-0,925075058;-6,552566637;-6,549902951;0;0;-6,6;0,0;-0,37;-0,37;0,00;-41,37;131,37;345,80;46,68;0,89;0,000;0,984;0,799;0,922;0,0000;0,0000;0;0,488;0,00;449658,28;449838,2515;8799,82;8801,596553;0;
