date;DNI;DryBulb;Pressure;Wspd;SB.NO.a.mf;SB.NO.a.tin;SB.NO.a.tout;NetPower;AuxPower;GrossPower;SB.NO.a.pin;SB.NO.a.pout;elevation;zenith;azimuth;aoi;IAM;pr_shadows;pr_borders;pr_opt_peak;solar_fraction;SF.x.mf;SF.x.tin;SF.x.tout;SF.x.pin;SF.x.pout;SF.x.prth;SF.x.prop;SF.x.qabs;SF.x.qlst;SF.x.qlbk;SF.x.pwr;SF.x.globalpr;LB.000.x.mf;LB.000.x.tin;LB.000.x.tout;LB.000.x.pin;LB.000.x.pout;LB.000.x.prth;LB.000.x.prop;LB.000.x.qabs;LB.000.x.qlst;LB.000.x.qlbk;SB.NO.x.mf;SB.NO.x.tin;SB.NO.x.tout;SB.NO.x.pin;SB.NO.x.pout;SB.NO.x.prth;SB.NO.x.prop;SB.NO.x.qabs;SB.NO.x.qlst;SB.NO.x.qlbk;SF.a.mf;SF.a.tin;SF.a.tout;SF.a.pwr;SF.b.tout;SF.b.prth;SF.b.prop;SF.b.pwr;SF.b.wpwr;SF.a.pin;SF.a.pout;SF.b.pout;SF.b.qabs;SF.b.qlst;SF.b.qlbk;SF.a.prth;SF.a.globalpr;LB.NO.a.mf;LB.NO.a.tin;LB.NO.a.tout;LB.NO.b.tout;LB.NO.a.pin;LB.NO.b.pout;LB.NO.b.prth;LB.NO.b.prop;LB.NO.b.qabs;LB.NO.b.qlst;LB.NO.b.qlbk;LB.NO.b.wpwr;SB.NO.b.tout;SB.NO.b.pout;SB.NO.b.prth;SB.NO.b.prop;SB.NO.b.qabs;SB.NO.b.qlst;SB.NO.b.qlbk;SB.NO.b.wpwr
2007-03-01 00:00:00;0;280,95;99600,0;2,9;204,0;278,8929999999999;268,0;0;0;0;200000000000,0;200000000000,0;-58,68761529772489;148,6876152977249;2,3142123456489685;31,283962935276655;0,0;0,0;0,9912481819618492;0,7948820561375233;0,9224622792;203,99999999999994;278,844621550846;267,617364432317;200000000000,0;200000000000,00006;0,0;0,0;0,0;5,262121166268099;0,1555963719292382;-5,133412461125096;0,0;1,7;278,8929999999999;267,71901577653887;200000000000,0;200000000000,0;0,0;0,0;0,0;43851,00971890084;1296,6364327436518;203,99999999999994;278,8929999999999;267,66818862671823;200000000000,0;200000000000,00006;0,0;0,0;0,0;5,262121166268099;0,1555963719292382;203,99999999999994;278,844621550846;267,94915876608957;-4,982708800505418;267,6175267348632;0,0;0,0;-5,133338756874667;0,0;200000000000,0;200000000000,0;200000000000,00006;0,0;5,262045242538843;0,15559544177338352;0,0;0,0;1,7;278,8929999999999;-273,15;267,71917809796;200000000000,0;200000000000,0;0,0;0,0;0,0;43850,37702115702;1296,628681444863;0,0;267,66835093890097;200000000000,00006;0,0;0,0;0,0;5,262045242538843;0,15559544177338352;0,0
2007-03-01 01:00:00;0;279,84999999999997;99600,0;2,2;204,0;274,808;264,28700000000003;0;0;0;200000000000,0;200000000000,0;-55,46596210435026;145,46596210435027;29,211879957746078;29,656460243623133;0,0;0,0;0,9917990071139355;0,7948820561375233;0,9224622792;203,99999999999994;274,7580030604257;263,82405885926926;200000000000,0;200000000000,00006;0,0;0,0;0,0;5,1008108260688845;0,1543678532415553;-4,975425463160253;0,0;1,7;274,808;263,9245810418795;200000000000,0;200000000000,0;0,0;0,0;0,0;42506,75688390738;1286,398777012961;203,99999999999994;274,808;263,8743139590712;200000000000,0;200000000000,00006;0,0;0,0;0,0;5,1008108260688845;0,1543678532415553;203,99999999999994;274,7580030604257;264,2366500125132;-4,788877896845991;263,8243315310541;0,0;0,0;-4,975302209247682;0,0;200000000000,0;200000000000,0;200000000000,00006;0,0;5,10068381493569;0,15436625680262964;0,0;0,0;1,7;274,808;-273,15;263,92485384371;200000000000,0;200000000000,0;0,0;0,0;0,0;42505,69845779742;1286,385473355247;0,0;263,8745866961908;200000000000,00006;0,0;0,0;0,0;5,10068381493569;0,15436625680262964;0,0
2007-03-01 02:00:00;0;278,75;99600,0;1,8;204,0;270,88199999999995;260,70899999999995;0;0;0;200000000000,0;200000000000,0;-47,97943825817094;137,97943825817094;50,096471778587784;25,430519318757177;0,0;0,0;0,9931514097509673;0,7948820561375233;0,9224622792;203,99999999999994;270,8312364546837;260,1713228433824;200000000000,0;200000000000,00006;0,0;0,0;0,0;4,950947291088065;0,15318703115654772;-4,828404754189531;0,0;1,7;270,88199999999995;260,2694886722079;200000000000,0;200000000000,0;0,0;0,0;0,0;41257,89409240054;1276,5585929712308;203,99999999999994;270,88199999999995;260,2203958127071;200000000000,0;200000000000,00006;0,0;0,0;0,0;4,950947291088065;0,15318703115654772;203,99999999999994;270,8312364546837;260,6597338678621;-4,608548218962019;260,1715659271898;0,0;0,0;-4,828295363476175;0,0;200000000000,0;200000000000,0;200000000000,00006;0,0;4,950834528432001;0,15318557977876365;0,0;0,0;1,7;270,88199999999995;-273,15;260,2697319531053;200000000000,0;200000000000,0;0,0;0,0;0,0;41256,95440360001;1276,5464981563637;0,0;260,22063899530576;200000000000,00006;0,0;0,0;0,0;4,950834528432001;0,15318557977876365;0,0
2007-03-01 03:00:00;0;278,15;99600,0;1,8;204,0;267,10299999999995;257,26;0;0;0;200000000000,0;200000000000,0;-38,11115636725389;128,1111563672539;65,39479334176701;19,123225809341125;0,0;0,0;0,9950058732511772;0,7948820561375233;0,9224622792;203,99999999999994;267,0522170667708;256,65162713570965;200000000000,0;200000000000,00006;0,0;0,0;0,0;4,810098687086754;0,15171357200223118;-4,690025577343604;0,0;1,7;267,10299999999995;256,7463949317497;200000000000,0;200000000000,0;0,0;0,0;0,0;40084,15572572295;1264,2797666852593;203,99999999999994;267,10299999999995;256,6989978044934;200000000000,0;200000000000,00006;0,0;0,0;0,0;4,810098687086754;0,15171357200223118;203,99999999999994;267,0522170667708;257,212322272611;-4,438703358438444;256,6518445465224;0,0;0,0;-4,6899281600059055;0,0;200000000000,0;200000000000,0;200000000000,00006;0,0;4,809998236516716;0,15171224985532739;0,0;0,0;1,7;267,10299999999995;-273,15;256,74661258549384;200000000000,0;200000000000,0;0,0;0,0;0,0;40083,31863763931;1264,268748794395;0,0;256,69921533695594;200000000000,00006;0,0;0,0;0,0;4,809998236516716;0,15171224985532739;0,0
2007-03-01 04:00:00;0;277,45;99600,0;1,3;204,0;263,462;253,93099999999993;0;0;0;200000000000,0;200000000000,0;-27,07757000121263;117,07757000121264;77,26340979491488;11,320896109373798;0,0;0,0;0,997116475118302;0,7948820561375233;0,9224622792;203,99999999999994;263,4118476291827;253,2676043577468;200000000000,0;200000000000,00006;0,0;0,0;0,0;4,672615748705062;0,1503814453811928;-4,554840793588999;0,0;1,7;263,462;253,35811466301698;200000000000,0;200000000000,0;0,0;0,0;0,0;38938,46457254218;1253,1787115099405;203,99999999999994;263,462;253,31284372693005;200000000000,0;200000000000,00006;0,0;0,0;0,0;4,672615748705062;0,1503814453811928;203,99999999999994;263,4118476291827;253,88533666874866;-4,279088607522899;253,26779861803027;0,0;0,0;-4,554754109741876;0,0;200000000000,0;200000000000,0;200000000000,00006;0,0;4,672526341394846;0,15038024141158335;0,0;0,0;1,7;263,462;-273,15;253,35830919449347;200000000000,0;200000000000,0;0,0;0,0;0,0;38937,71951162372;1253,1686784298608;0,0;253,31303812293788;200000000000,00006;0,0;0,0;0,0;4,672526341394846;0,15038024141158335;0,0
2007-03-01 05:00:00;0;277,04999999999995;99600,0;1,4;204,0;259,952;250,716;0;0;0;200000000000,0;200000000000,0;-15,542532623877129;105,54253262387712;87,35343139572547;2,5497232211322127;0,0;0,0;0,9993586147113039;0,7948820561375233;0,9224622792;203,99999999999994;259,90303766938644;249,99598242876482;200000000000,0;200000000000,00006;0,0;0,0;0,0;4,545758610149553;0,14887819362471916;-4,4299169560585145;0,0;1,7;259,952;250,08150752020458;200000000000,0;200000000000,0;0,0;0,0;0,0;37881,32175124628;1240,6516135393263;203,99999999999994;259,952;250,03872736413382;200000000000,0;200000000000,00006;0,0;0,0;0,0;4,545758610149553;0,14887819362471916;203,99999999999994;259,90303766938644;250,67270548512738;-4,129031704441702;249,99615713502646;0,0;0,0;-4,429839310286901;0,0;200000000000,0;200000000000,0;200000000000,00006;0,0;4,545678505147692;0,14887709189810078;0,0;0,0;1,7;259,952;-273,15;250,08168251449047;200000000000,0;200000000000,0;0,0;0,0;0,0;37880,654209564105;1240,642432484173;0,0;250,03890221448717;200000000000,00006;0,0;0,0;0,0;4,545678505147692;0,14887709189810078;0,0
2007-03-01 06:00:00;0;276,95;99600,0;1,2;204,0;256,56499999999994;247,60900000000004;0;0;0;200000000000,0;200000000000,0;-3,9112110801341693;93,91121108013417;96,76307921562727;6,747254367563084;0,0;0,0;0,998295957905215;0,7948820561375233;0,9224622792;203,99999999999994;256,5177046461549;246,8464411746578;200000000000,0;200000000000,00006;0,0;0,0;0,0;4,421180415723197;0,14723608308464042;-4,307183660159694;0,0;1,7;256,56499999999994;246,9264131858638;200000000000,0;200000000000,0;0,0;0,0;0,0;36843,170131026636;1226,96735903867;203,99999999999994;256,56499999999994;246,886408456759;200000000000,0;200000000000,00006;0,0;0,0;0,0;4,421180415723197;0,14723608308464042;203,99999999999994;256,5177046461549;247,56836485174404;-3,9874338015832564;246,84659796328572;0,0;0,0;-4,307114247200304;0,0;200000000000,0;200000000000,0;200000000000,00006;0,0;4,421108788591793;0,14723507682881337;0,0;0,0;1,7;256,56499999999994;-273,15;246,926570268432;200000000000,0;200000000000,0;0,0;0,0;0,0;36842,573238264944;1226,9589735734453;0,0;246,88656539239628;200000000000,00006;0,0;0,0;0,0;4,421108788591793;0,14723507682881337;0,0
2007-03-01 07:00:00;80;278,04999999999995;99600,0;1,4;204,0;253,529;250,79599999999994;0;0;0;200000000000,0;200000000000,0;7,494422380379315;82,50557761962068;106,31808931436552;16,174849924577632;0,0;0,3824675178811172;0,9958223119139774;0,7948820561375233;0,9224622792;203,99999999999994;253,48361064318271;244,02838802807912;200000000000,0;200000000000,00006;0,0;0,0;0,0;4,308211908821344;0,14494442886273382;-4,195848869204479;0,0;1,7;253,529;244,10280967823326;200000000000,0;200000000000,0;0,0;0,0;0,0;35901,76590684455;1207,8702405227823;203,99999999999994;253,529;244,0655796914291;200000000000,0;200000000000,00006;0,0;0,0;0,0;4,308211908821344;0,14494442886273382;203,99999999999994;253,48361064318271;250,75264170445962;-1,216909694247115;244,02838802462782;0,0;0,0;-4,195848870727152;0,0;200000000000,0;200000000000,0;200000000000,00006;0,0;4,308211910390241;0,14494442888532122;0,0;0,0;1,7;253,529;-273,15;244,10280967477502;200000000000,0;200000000000,0;0,0;0,0;0,0;35901,76591991869;1207,87024071101;0,0;244,06557968797426;200000000000,00006;0,0;0,0;0,0;4,308211910390241;0,14494442888532122;0,0
2007-03-01 08:00:00;447;280,04999999999995;99600,0;2,5;382,87300000000005;264,477;365,59299999999996;0;0;0;200000000000,0;200000000000,0;18,32683222268547;71,67316777731453;116,78303283698267;25,325319399298582;0,9866372021623033;0,9797018907706595;0,9931838062386421;0,7948820561375233;0,9224622792;349,6901126028386;264,4266090045546;392,70173471458463;200000000000,00003;200000000000,00006;0,8912571737439444;0,7088877897369863;120,89334645486167;13,403053102217513;0,21885177903787498;107,59183488774866;0,0;2,9140842716903226;264,477;392,90700464449264;200000000000,0;200000000000,0;0,8912571737439443;0,7088877897369857;1007444,5537905141;111692,10918514594;1823,7648253156244;349,6901126028386;264,477;392,8038247805397;200000000000,0;200000000000,00006;0,8912571737439444;0,7088877897369863;120,89334645486167;13,403053102217513;0,21885177903787498;382,87300000000016;264,4266090045546;365,64285562717396;91,40778957245249;383,16110163529765;0,896657595625301;0,7088877897369855;108,3955196604184;0,0;200000000000,00003;200000000000,00003;199999999999,99997;120,89334645486167;12,724070534778667;0,21515182282342504;0,7561027323086114;0,0;3,190608333333334;264,477;-273,15;383,2017090359476;200000000000,0;200000000000,0;0,8966575956253013;0,7088877897369857;1007444,5537905141;106033,92112315554;1792,931856861875;0,0;383,1813376789995;199999999999,99997;0,896657595625301;0,7088877897369855;120,89334645486167;12,724070534778667;0,21515182282342504;0,0
2007-03-01 09:00:00;745;282,15;99600,0;2,0;663,342;289,67500000000007;392,49699999999996;0;0;0;200000000000,0;200000000000,0;28,117263720065218;61,88273627993478;128,9846141687176;33,701554891036274;0,9624567389837358;1,0;0,9903936334608191;0,7948820561375233;0,9224622792;674,3509599519903;289,6349077766862;392,8827675626536;200000000000,0;199999999999,99997;0,9223448311707789;0,6364663221433946;184,13372777286995;14,56383180677925;0,22562843724992734;169,52150863828558;0,0;5,6195913329332505;289,67500000000007;393,0919389123761;200000000000,0;200000000000,0;0,9223448311707794;0,6364663221433947;1534447,7314405832;121365,26505649378;1880,2369770827272;674,3509599519903;289,67500000000007;392,98679351554176;200000000000,0;199999999999,99997;0,9223448311707789;0,6364663221433946;184,13372777286995;14,56383180677925;0,22562843724992734;663,342;289,6349077766862;392,39812190965915;165,92141339332557;394,39656215762795;0,9217510384243667;0,6364663221433947;169,3578933865016;0,0;200000000000,0;200000000000,0;200000000000,0;184,13372777286995;14,677203907315702;0,22620245494186605;0,9010919150998269;0,0;5,52785;289,67500000000007;-273,15;394,63961210629304;200000000000,0;200000000000,0;0,9217510384243666;0,6364663221433947;1534447,7314405832;122310,03256096422;1885,0204578488833;0,0;394,51739236858054;200000000000,0;0,9217510384243667;0,6364663221433947;184,13372777286995;14,677203907315702;0,22620245494186605;0,0
2007-03-01 10:00:00;709;284,04999999999995;99600,0;3,2;559,8380000000001;292,756;392,5759999999999;0;0;0;200000000000,0;200000000000,0;36,17604364238179;53,82395635761821;143,77984320959945;40,6333762922505;0,9304454546692424;1,0;0,9876403242386691;0,7948820561375233;0,9224622792;570,4638679420192;292,7193136148254;392,88812965934676;200000000000,0;200000000000,0001;0,906251174056362;0,5612723337082139;154,10349500010494;14,727146702319786;0,2252223604964145;139,38356723254637;0,0;4,753865566183494;292,756;393,09741704920793;200000000000,0;200000000000,0;0,9062511740563617;0,5612723337082138;1284195,791667541;122726,22251933152;1876,8530041367871;570,4638679420192;292,756;392,99221318909633;200000000000,0;200000000000,0001;0,906251174056362;0,5612723337082139;154,10349500010494;14,727146702319786;0,2252223604964145;559,8380000000002;292,7193136148254;392,47629900428035;136,1901587205282;394,5576872119208;0,9054612721910132;0,5612723337082137;139,2112552457713;0,0;200000000000,0;200000000000,0;200000000000,00003;154,10349500010494;14,85363830865113;0,22585799278157148;0,8837577546209153;0,0;4,6653166666666674;292,756;-273,15;394,8044773894817;200000000000,0;200000000000,0;0,9054612721910136;0,5612723337082138;1284195,791667541;123780,31923875943;1882,1499398464289;0,0;394,68037194201986;200000000000,00003;0,9054612721910132;0,5612723337082137;154,10349500010494;14,85363830865113;0,22585799278157148;0,0
2007-03-01 11:00:00;515;285,15;99600,0;3,5;345,223;292,96799999999996;392,60900000000004;0;0;0;200000000000,0;200000000000,0;41,55241242496563;48,44758757503437;161,63131694664605;45,25279106047814;0,9005489390795738;1,0;0,985469048054463;0,7948820561375233;0,9224622792;351,34297943295786;292,93156418070623;392,8885300327827;200000000000,0;199999999999,99988;0,8560870235831959;0,5039302305943588;100,28002513284468;14,74184439393284;0,2245448834035658;85,67415737710887;0,0;2,9278581619413147;292,96799999999996;393,097826088166;200000000000,0;200000000000,0;0,8560870235831961;0,5039302305943589;835666,8761070392;122848,70328277363;1871,2073616963812;351,34297943295786;292,96799999999996;392,9926178621905;200000000000,0;199999999999,99988;0,8560870235831959;0,5039302305943588;100,28002513284468;14,74184439393284;0,2245448834035658;345,223;292,93156418070623;392,5089544181941;83,84241654723077;394,39919679640514;0,8549718442061884;0,5039302305943587;85,5341529251103;0,0;200000000000,0;200000000000,0;200000000000,00003;100,28002513284468;14,858738946449996;0,22513272439364165;0,8360829231560483;0,0;2,8768583333333333;292,96799999999996;-273,15;394,6423076928596;200000000000,0;200000000000,0;0,8549718442061883;0,5039302305943589;835666,8761070392;123822,82455374996;1876,1060366136803;0,0;394,5200572282075;200000000000,00003;0,8549718442061884;0,5039302305943587;100,28002513284468;14,858738946449996;0,22513272439364165;0,0
2007-03-01 12:00:00;802;286,34999999999997;99600,0;5,7;538,589;292,994;392,6;0;0;0;200000000000,0;200000000000,0;43,26835302062896;46,73164697937104;181,6849808064732;46,70533415977785;0,8893151593130468;1,0;0,9847127463995254;0,7948820561375233;0,9224622792;555,0042353633963;292,9575950520332;392,8899050743288;200000000000,0;200000000000,00003;0,9031773416505664;0,4847575500465862;150,10747311867559;14,8222044236935;0,22368361114464602;135,3052895391623;0,0;4,62503529469497;292,994;393,0992308917397;200000000000,0;200000000000,0;0,9031773416505662;0,4847575500465863;1250895,6093222965;123518,3701974458;1864,0300928720508;555,0042353633963;292,994;392,99400767105203;200000000000,0;200000000000,00003;0,9031773416505664;0,4847575500465862;150,10747311867559;14,8222044236935;0,22368361114464602;538,589;292,9575950520332;392,50004844539774;130,75955438685384;395,5557095825103;0,9018690160483602;0,4847575500465864;135,02913467888195;0,0;200000000000,0;200000000000,0;200000000000,0;150,10747311867559;15,026481829734358;0,22470014830166107;0,8711062258937288;0,0;4,488241666666667;292,994;-273,15;395,8262567442964;200000000000,0;200000000000,0;0,9018690160483602;0,4847575500465863;1250895,6093222965;125220,68191445305;1872,5012358471756;0,0;395,6901706140753;200000000000,0;0,9018690160483602;0,4847575500465864;150,10747311867559;15,026481829734358;0,22470014830166107;0,0
2007-03-01 13:00:00;849;287,15;99600,0;7,3;611,121;292,999;392,61400000000003;0;0;0;200000000000,0;200000000000,0;40,92743721881135;49,07256278118865;201,52462552297257;44,655986143428876;0,9048879344694238;1,0;0,9857686373484544;0,7948820561375233;0,9224622792;627,6387034987665;292,96260099236804;392,87790691460873;200000000000,0;200000000000,0;0,9129646841891512;0,5116517674001254;167,90010591058817;14,898769451107645;0,22317662404222285;152,9862310579247;0,0;5,230322529156389;292,999;393,0869730999591;200000000000,0;200000000000,0;0,9129646841891509;0,5116517674001253;1399167,549254901;124156,41209256373;1859,8052003518574;627,6387034987665;292,999;392,9818806868635;200000000000,0;200000000000,0;0,9129646841891512;0,5116517674001254;167,90010591058817;14,898769451107645;0,22317662404222285;611,121;292,96260099236804;392,51390216491575;148,3838976889049;395,2560068221745;0,911918842935365;0,5116517674001254;152,73057345112235;0,0;200000000000,0;200000000000,0;200000000000,0;167,90010591058817;15,081196219238418;0,2240798265419956;0,8837629784934369;0,0;5,092675;292,999;-273,15;395,5193123274473;200000000000,0;200000000000,0;0,9119188429353648;0,5116517674001253;1399167,549254901;125676,63516032012;1867,3318878499638;0,0;395,386878746007;200000000000,0;0,911918842935365;0,5116517674001254;167,90010591058817;15,081196219238418;0,2240798265419956;0,0
2007-03-01 14:00:00;775;287,54999999999995;99600,0;6,9;633,326;293,0;392,59000000000003;0;0;0;200000000000,0;200000000000,0;35,060346525224475;54,939653474775525;218,90976401736714;39,56412050514389;0,9362787630445079;1,0;0,9880997449446349;0,7948820561375233;0,9224622792;645,5258718096659;292,96360218057214;392,888922467316;200000000000,0;199999999999,99994;0,91525418501855;0,5737369446008654;172,26978448236963;14,881385006729195;0,2229316129509144;157,3631464930149;0,0;5,379382265080547;293,0;393,09822701654537;200000000000,0;200000000000,0;0,9152541850185503;0,5737369446008656;1435581,5373530807;124011,54172274325;1857,7634412576206;645,5258718096659;293,0;392,993014511199;200000000000,0;199999999999,99994;0,91525418501855;0,5737369446008654;172,26978448236963;14,881385006729195;0,2229316129509144;633,3259999999998;292,96360218057214;392,4901528768032;153,7350033905889;394,58801430119;0,9145280397287223;0,5737369446008659;157,1798117475876;0,0;200000000000,0;200000000000,0;200000000000,00012;172,26978448236963;15,011247835638823;0,2235762429859371;0,8924084037866918;0,0;5,277716666666667;293,0;-273,15;394,8355114013593;200000000000,0;200000000000,0;0,914528039728722;0,5737369446008656;1435581,5373530807;125093,73196365687;1863,135358216142;0,0;394,7110495298276;200000000000,00012;0,9145280397287223;0,5737369446008659;172,26978448236963;15,011247835638823;0,2235762429859371;0,0
2007-03-01 15:00:00;569;287,45;99600,0;3,2;522,123;293,0;392,619;0;0;0;200000000000,0;200000000000,0;26,67522398763937;63,32477601236063;233,25407332852078;32,316203994227614;0,967406035725869;1,0;0,9908889142751853;0,7948820561375233;0,9224622792;529,151970012503;292,96360218057214;392,8865808017107;200000000000,0;199999999999,9999;0,8995996542436389;0,6498678836490707;143,66669968768514;14,706550578563593;0,22295151359510582;128,99087458922338;0,0;4,409599750104192;293,0;393,0958346701775;200000000000,0;200000000000,0;0,8995996542436391;0,6498678836490707;1197222,4973973758;122554,58815469657;1857,9292799592158;529,151970012503;293,0;392,99064769880977;200000000000,0;199999999999,9999;0,8995996542436389;0,6498678836490707;143,66669968768514;14,706550578563593;0,22295151359510582;522,123;292,96360218057214;392,5188499002476;126,7801312715357;394,0646083678571;0,8990009105403406;0,6498678836490706;128,87204173449976;0,0;200000000000,0;200000000000,0;200000000000,0;143,66669968768514;14,795939121878465;0,2234012719947878;0,8824601076459687;0,0;4,351025000000001;293,0;-273,15;394,30003491470563;200000000000,0;200000000000,0;0,8990009105403406;0,6498678836490707;1197222,4973973758;123299,49268232059;1861,677266623231;0,0;394,1816582450059;200000000000,0;0,8990009105403406;0,6498678836490706;143,66669968768514;14,795939121878465;0,2234012719947878;0,0
2007-03-01 16:00:00;194;286,54999999999995;99600,0;2,4;204,0;293,0;369,14599999999996;0;0;0;200000000000,0;200000000000,0;16,687370541214328;73,31262945878566;245,13591522296025;23,750803612789774;0,9898183896141847;0,8835257528698826;0,9936621586310423;0,7948820561375233;0,9224622792;203,99999999999994;292,96360218057214;365,69212301843334;200000000000,0;200000000000,00006;0,7387754966498835;0,7201524460392088;48,09256473866433;12,854049602566967;0,2137367426538374;35,59347805731203;0,0;1,7;293,0;365,59249845286524;200000000000,0;200000000000,0;0,7387754966498834;0,7201524460392087;400771,37282220274;107117,08002139139;1781,1395221153118;203,99999999999994;293,0;365,6423549674156;200000000000,0;200000000000,00006;0,7387754966498835;0,7201524460392088;48,09256473866433;12,854049602566967;0,2137367426538374;203,99999999999994;292,96360218057214;369,18821445152923;37,384538296609726;365,69212301843334;0,7387754966498835;0,7201524460392088;35,59347805731203;0,0;200000000000,0;200000000000,0;200000000000,00006;48,09256473866433;12,854049602566967;0,2137367426538374;0,7773454898851377;0,0;1,7;293,0;-273,15;365,59249845286524;200000000000,0;200000000000,0;0,7387754966498834;0,7201524460392087;400771,37282220274;107117,08002139139;1781,1395221153118;0,0;365,6423549674156;200000000000,00006;0,7387754966498835;0,7201524460392088;48,09256473866433;12,854049602566967;0,2137367426538374;0,0
2007-03-01 17:00:00;50;285,25;99600,0;2,2;204,0;293,0;295,27200000000005;0;0;0;200000000000,0;200000000000,0;5,746548960552244;84,25345103944775;255,42294115596354;14,50219266602568;0,0;0,29127041564772255;0,9962744672943266;0,7948820561375233;0,9224622792;203,99999999999994;292,96360218057214;280,7814854918412;200000000000,0;200000000000,00006;0,0;0,0;0,0;5,8044987360241205;0,1595132867094585;-5,662780757860581;0,0;1,7;293,0;280,87609246191516;200000000000,0;200000000000,0;0,0;0,0;0,0;48370,822800201;1329,277389245488;203,99999999999994;293,0;280,8288031154392;200000000000,0;200000000000,00006;0,0;0,0;0,0;5,8044987360241205;0,1595132867094585;203,99999999999994;292,96360218057214;295,2384183561895;1,0666938489934243;280,781485477994;0,0;0,0;-5,662780764250057;0,0;200000000000,0;200000000000,0;200000000000,00006;0,0;5,804498742601057;0,15951328678440047;0,0;0,0;1,7;293,0;-273,15;280,8760924480845;200000000000,0;200000000000,0;0,0;0,0;0,0;48370,82285500881;1329,2773898700043;0,0;280,82880310160033;200000000000,00006;0,0;0,0;0,0;5,804498742601057;0,15951328678440047;0,0
2007-03-01 18:00:00;0;283,84999999999997;99600,0;1,8;204,0;293,0;280,808;0;0;0;200000000000,0;200000000000,0;-5,702960841155226;95,70296084115523;264,93009108833473;5,044749863327551;0,0;0,0;0,9987285388949229;0,7948820561375233;0,9224622792;203,99999999999994;292,96360218057214;280,774451135708;200000000000,0;200000000000,00006;0,0;0,0;0,0;5,807837909325635;0,16046463893149052;-5,66602660098009;0,0;1,7;293,0;280,86906650828087;200000000000,0;200000000000,0;0,0;0,0;0,0;48398,649244380285;1337,2053244290878;203,99999999999994;293,0;280,82177295344957;200000000000,0;200000000000,00006;0,0;0,0;0,0;5,807837909325635;0,16046463893149052;203,99999999999994;292,96360218057214;280,760669972625;-5,6723855240984165;280,77445150733183;0,0;0,0;-5,666026429503509;0,0;200000000000,0;200000000000,0;200000000000,00006;0,0;5,807837732916343;0,16046463691232868;0,0;0,0;1,7;293,0;-273,15;280,869066879461;200000000000,0;200000000000,0;0,0;0,0;0,0;48398,64777430285;1337,2053076027391;0,0;280,82177332485185;200000000000,00006;0,0;0,0;0,0;5,807837732916343;0,16046463691232868;0,0
2007-03-01 19:00:00;0;282,84999999999997;99600,0;1,1;204,0;295,341;280,97300000000007;0;0;0;200000000000,0;200000000000,0;-17,321769002969525;107,32176900296952;274,4234321791839;4,222446887652514;0,0;0,0;0,9989366149374093;0,7948820561375233;0,9224622792;203,99999999999994;295,3075074821196;282,9521933580495;200000000000,0;200000000000,00006;0,0;0,0;0,0;5,903438237727493;0,16226803481013596;-5,758972669550682;0,0;1,7;295,341;283,04397062400994;200000000000,0;200000000000,0;0,0;0,0;0,0;49195,3186477291;1352,2336234177992;203,99999999999994;295,341;282,9980982019815;200000000000,0;200000000000,00006;0,0;0,0;0,0;5,903438237727493;0,16226803481013596;203,99999999999994;295,3075074821196;280,9257689519335;-6,695334889645394;282,95257278647546;0,0;0,0;-5,758797129706126;0,0;200000000000,0;200000000000,0;200000000000,00006;0,0;5,903257690425495;0,16226601076699382;0,0;0,0;1,7;295,341;-273,15;283,0443495166487;200000000000,0;200000000000,0;0,0;0,0;0,0;49193,814086879116;1352,2167563916153;0,0;282,9984773628538;200000000000,00006;0,0;0,0;0,0;5,903257690425495;0,16226601076699382;0,0
2007-03-01 20:00:00;0;281,84999999999997;99600,0;0,7;204,0;293,894;281,06399999999996;0;0;0;200000000000,0;200000000000,0;-28,779306991525054;118,77930699152506;284,75800663667206;12,90129306811534;0,0;0,0;0,996700863611;0,7948820561375233;0,9224622792;203,99999999999994;293,85868262974395;281,60656183946446;200000000000,0;200000000000,00006;0,0;0,0;0,0;5,844047510884731;0,16227172721777883;-5,70124315807902;0,0;1,7;293,894;281,70014882313285;200000000000,0;200000000000,0;0,0;0,0;0,0;48700,39592403944;1352,2643934814903;203,99999999999994;293,894;281,65337028655506;200000000000,0;200000000000,00006;0,0;0,0;0,0;5,844047510884731;0,16227172721777883;203,99999999999994;293,85868262974395;281,01682412662865;-5,973540018230041;281,60669820917155;0,0;0,0;-5,7011801702491995;0,0;200000000000,0;200000000000,0;200000000000,00006;0,0;5,843982717391529;0,16227099326699873;0,0;0,0;1,7;293,894;-273,15;281,7002850186145;200000000000,0;200000000000,0;0,0;0,0;0,0;48699,855978262756;1352,2582772249893;0,0;281,6535065692816;200000000000,00006;0,0;0,0;0,0;5,843982717391529;0,16227099326699873;0,0
2007-03-01 21:00:00;0;280,84999999999997;99600,0;0,7;204,0;289,67600000000004;277,655;0;0;0;200000000000,0;200000000000,0;-39,638025038455865;129,63802503845585;297,0998785418752;20,53681384150212;0,0;0,0;0,9946042790642214;0,7948820561375233;0,9224622792;203,99999999999994;289,6359088095845;277,67818365537835;200000000000,0;200000000000,00006;0,0;0,0;0,0;5,6752133849789255;0,16094304594154202;-5,5369087071005065;0,0;1,7;289,67600000000004;277,7760143913938;200000000000,0;200000000000,0;0,0;0,0;0,0;47293,44487482438;1341,1920495128497;203,99999999999994;289,67600000000004;277,7271098216569;200000000000,0;200000000000,00006;0,0;0,0;0,0;5,6752133849789255;0,16094304594154202;203,99999999999994;289,6359088095845;277,606042209724;-5,570070545700651;277,67844033064637;0,0;0,0;-5,536790713939645;0,0;200000000000,0;200000000000,0;200000000000,00006;0,0;5,675091960683572;0,16094163295992128;0,0;0,0;1,7;289,67600000000004;-273,15;277,7762708401101;200000000000,0;200000000000,0;0,0;0,0;0,0;47292,43300569644;1341,180274666011;0,0;277,72736638394053;200000000000,00006;0,0;0,0;0,0;5,675091960683572;0,16094163295992128;0,0
2007-03-01 22:00:00;0;279,84999999999997;99600,0;0,7;204,0;285,211;273,696;0;0;0;200000000000,0;200000000000,0;-49,16106560983396;139,16106560983397;313,1892513773099;26,587229272178284;0,0;0,0;0,9927913835130748;0,7948820561375233;0,9224622792;203,99999999999994;285,1667787014113;273,51995111754434;200000000000,0;200000000000,00006;0,0;0,0;0,0;5,4988172046793515;0,15947815997533463;-5,364867700806101;0,0;1,7;285,211;273,6205827067189;200000000000,0;200000000000,0;0,0;0,0;0,0;45823,47670566125;1328,9846664611223;203,99999999999994;285,211;273,5702727633227;200000000000,0;200000000000,00006;0,0;0,0;0,0;5,4988172046793515;0,15947815997533463;203,99999999999994;285,1667787014113;273,6457078362439;-5,307343981648415;273,52031237318977;0,0;0,0;-5,364702467591196;0,0;200000000000,0;200000000000,0;200000000000,00006;0,0;5,4986470949526165;0,15947613866752017;0,0;0,0;1,7;285,211;-273,15;273,6209437943561;200000000000,0;200000000000,0;0,0;0,0;0,0;45822,05912460513;1328,9678222293346;0,0;273,5706339354085;200000000000,00006;0,0;0,0;0,0;5,4986470949526165;0,15947613866752017;0,0
2007-03-01 23:00:00;0;278,84999999999997;99600,0;0,7;204,0;280,874;269,779;0;0;0;200000000000,0;200000000000,0;-56,01508948732853;146,01508948732854;335,0823145544908;30,460341656216897;0,0;0,0;0,9915292357178773;0,7948820561375233;0,9224622792;203,99999999999994;280,8267093999365;269,48013000513686;200000000000,0;200000000000,00006;0,0;0,0;0,0;5,330195152645312;0,1580547277844303;-5,200087457307959;0,0;1,7;280,874;269,5818295213178;200000000000,0;200000000000,0;0,0;0,0;0,0;44418,29293871095;1317,1227315369197;203,99999999999994;280,874;269,5309805893394;200000000000,0;200000000000,00006;0,0;0,0;0,0;5,330195152645312;0,1580547277844303;203,99999999999994;280,8267093999365;269,7281586728519;-5,087181044931287;269,48045426719375;0,0;0,0;-5,199939870527247;0,0;200000000000,0;200000000000,0;200000000000,00006;0,0;5,330043149105389;0,1580528769445281;0,0;0,0;1,7;280,874;-273,15;269,58215376229805;200000000000,0;200000000000,0;0,0;0,0;0,0;44417,02624254492;1317,1073078710676;0,0;269,53130484126166;200000000000,00006;0,0;0,0;0,0;5,330043149105389;0,1580528769445281;0,0
